Rk,Player,Pos,Age,Tm,G,MP,PER,TS%,3PAr,FTr,ORB%,DRB%,TRB%,AST%,STL%,BLK%,TOV%,USG%,,OWS,DWS,WS,WS/48,,OBPM,DBPM,BPM,VORP
1,Alex Abrines\abrinal01,SG,24,OKC,73,1095,9.1,.573,.755,.145,2.3,8.8,5.5,3.4,1.6,0.7,7.7,12.7,,1.3,0.9,2.2,.095,,-0.6,-1.8,-2.3,-0.1
2,Quincy Acy\acyqu01,PF,27,BRK,66,1270,7.5,.510,.797,.173,3.1,17.2,10.1,5.9,1.1,1.6,14.1,14.3,,-0.4,1.0,0.6,.024,,-2.5,-0.3,-2.8,-0.2
3,Steven Adams\adamsst01,C,24,OKC,73,2390,20.7,.628,.003,.397,16.9,13.9,15.5,5.5,1.9,2.9,13.3,16.7,,6.4,2.9,9.3,.187,,2.2,1.2,3.4,3.3
4,Bam Adebayo\adebaba01,C,20,MIA,65,1304,15.6,.569,.022,.529,9.7,21.4,15.5,11.2,1.1,2.5,13.3,15.8,,2.2,1.8,4.0,.149,,-1.6,1.8,0.2,0.7
5,Arron Afflalo\afflaar01,SG,32,ORL,51,657,5.5,.508,.425,.170,0.7,10.5,5.5,6.2,0.3,1.1,11.3,12.4,,-0.1,0.2,0.1,.005,,-4.3,-1.7,-6.0,-0.7
6,Cole Aldrich\aldrico01,C,29,MIN,19,46,5.2,.340,.000,.400,7.5,25.4,16.4,5.9,2.2,1.9,5.4,17.9,,-0.1,0.1,0.0,-0.033,,-7.4,-0.6,-8.0,-0.1
7,LaMarcus Aldridge\aldrila01,C,32,SAS,71,2372,25.2,.572,.069,.304,10.9,17.1,14.0,11.4,0.8,3.1,6.9,29.2,,7.1,3.4,10.6,.214,,3.0,0.3,3.4,3.2
8,Jarrett Allen\allenja01,C,19,BRK,68,1341,17.6,.634,.037,.387,10.9,17.7,14.3,5.6,1.0,4.1,15.3,16.7,,2.5,1.3,3.9,.139,,-1.1,1.2,0.1,0.7
9,Kadeem Allen\allenka01,PG,25,BOS,13,62,-1.0,.298,.500,.400,1.8,7.0,4.4,10.6,1.6,1.4,29.8,12.1,,-0.2,0.1,-0.1,-0.076,,-8.5,1.0,-7.6,-0.1
10,Tony Allen\allento01,SF,36,NOP,22,273,8.7,.514,.132,.231,8.2,10.4,9.4,4.6,1.9,0.9,15.9,18.9,,-0.2,0.2,0.1,.014,,-3.9,-1.3,-5.2,-0.2
11,Al-Farouq Aminu\aminual01,PF,27,POR,65,1950,12.4,.529,.586,.144,5.1,22.3,13.8,5.8,1.9,1.5,10.7,14.9,,1.2,3.0,4.2,.103,,-0.5,1.7,1.2,1.6
12,Justin Anderson\anderju01,SF,24,PHI,35,481,11.9,.521,.489,.198,4.9,14.1,9.6,7.3,1.4,1.0,6.6,18.8,,0.4,0.6,1.0,.103,,-1.2,-1.4,-2.5,-0.1
13,Kyle Anderson\anderky01,SF,24,SAS,70,1873,15.8,.582,.126,.334,4.8,17.9,11.3,14.9,2.9,2.5,16.4,13.5,,2.2,3.7,5.9,.150,,-0.4,4.4,4.1,2.9
14,Ryan Anderson\anderry01,PF,29,HOU,66,1725,12.6,.592,.706,.194,6.2,15.4,10.8,5.1,0.7,1.0,7.5,14.4,,3.1,1.6,4.7,.131,,1.1,-0.8,0.2,1.0
15,Ike Anigbogu\anigbik01,C,19,IND,10,28,23.2,.558,.000,.667,20.4,16.1,18.2,0.0,1.8,9.5,14.7,21.8,,0.1,0.0,0.1,.177,,-4.1,-1.4,-5.4,0.0
16,Giannis Antetokounmpo\antetgi01,PF,23,MIL,73,2698,27.7,.603,.099,.465,6.8,25.1,16.0,23.7,1.9,3.3,11.6,31.3,,8.6,3.5,12.1,.214,,4.2,1.8,5.9,5.4
17,Carmelo Anthony\anthoca01,PF,33,OKC,75,2413,12.7,.502,.404,.162,2.9,17.8,10.1,6.4,0.9,1.8,7.4,23.3,,1.1,2.4,3.5,.069,,-2.0,-2.0,-3.9,-1.2
18,OG Anunoby\anunoog01,SF,20,TOR,69,1378,9.5,.574,.567,.185,3.1,9.8,6.5,5.2,1.8,0.6,10.9,12.3,,1.1,1.4,2.5,.088,,0.0,0.3,0.2,0.8
19,Ryan Arcidiacono\arcidry01,PG,23,CHI,20,208,8.1,.561,.760,.240,0.5,6.9,3.6,14.7,2.6,0.0,20.2,7.3,,0.1,0.1,0.3,.061,,-2.9,-0.5,-3.5,-0.1
20,Trevor Ariza\arizatr01,SF,32,HOU,64,2179,12.1,.573,.713,.143,1.7,13.0,7.4,6.9,2.1,0.5,7.0,14.4,,2.7,2.6,5.3,.117,,1.0,0.6,1.7,2.0
21,Darrell Arthur\arthuda01,PF,29,DEN,19,141,8.4,.559,.489,.064,2.4,9.6,6.0,9.3,2.8,1.8,23.7,19.5,,-0.2,0.1,0.0,-0.012,,-3.5,-1.1,-4.5,-0.1
22,Jamel Artis\artisja01,SG,25,ORL,10,146,8.5,.462,.432,.189,1.5,15.2,8.3,12.5,0.3,0.5,2.4,12.4,,0.1,0.1,0.1,.043,,-3.1,-1.7,-4.8,-0.1
23,Omer Asik\asikom01,C,31,NOP,14,121,4.5,.423,.000,.750,6.5,26.1,16.6,2.0,0.4,1.3,19.0,9.4,,-0.1,0.1,0.0,.005,,-7.4,-0.8,-8.2,-0.2
24,D.J. Augustin\augusdj01,PG,30,ORL,70,1661,15.5,.614,.511,.360,1.9,8.3,5.1,24.3,1.6,0.0,16.1,18.4,,3.2,0.8,4.0,.116,,1.7,-2.3,-0.6,0.6
25,Luke Babbitt\babbilu01,SF,28,TOT,48,683,10.4,.596,.712,.107,1.0,14.1,7.6,6.4,0.6,0.9,8.1,15.0,,0.7,0.3,1.0,.070,,-0.7,-2.2,-2.9,-0.2
25,Luke Babbitt\babbilu01,SF,28,ATL,37,570,12.0,.636,.661,.131,1.0,14.9,8.0,7.0,0.6,0.8,7.8,14.8,,0.9,0.2,1.1,.094,,0.1,-2.1,-2.0,0.0
25,Luke Babbitt\babbilu01,SF,28,MIA,11,113,2.5,.405,.946,.000,1.0,10.0,5.5,3.7,0.4,1.5,9.8,16.3,,-0.2,0.1,-0.1,-0.052,,-4.7,-2.7,-7.4,-0.2
26,Dwayne Bacon\bacondw01,SG,22,CHO,53,713,5.8,.431,.224,.130,0.6,18.6,9.4,7.6,1.1,0.2,10.2,13.7,,-0.7,0.6,-0.1,-0.008,,-5.5,-0.4,-5.8,-0.7
27,Ron Baker\bakerro01,SG,24,NYK,29,385,9.3,.504,.559,.441,1.4,7.2,4.3,15.5,3.3,1.4,20.4,10.0,,0.1,0.4,0.5,.059,,-1.9,0.9,-1.0,0.1
28,Wade Baldwin IV\baldwwa01,PG,21,POR,4,29,17.0,.730,.143,1.286,0.0,18.6,9.4,10.7,0.0,0.0,15.4,19.6,,0.1,0.0,0.1,.177,,-0.6,-2.6,-3.1,0.0
29,Lonzo Ball\balllo01,PG,20,LAL,52,1780,12.5,.444,.523,.126,4.1,17.3,10.8,29.0,2.4,2.0,18.6,17.4,,-0.5,2.5,2.0,.053,,-0.9,2.5,1.6,1.6
30,J.J. Barea\bareajo01,PG,33,DAL,68,1594,17.8,.546,.455,.149,0.9,13.3,6.9,44.9,1.1,0.2,16.2,24.8,,2.3,1.1,3.3,.101,,2.3,-2.2,0.1,0.8
31,Harrison Barnes\barneha02,PF,25,DAL,75,2561,16.0,.542,.272,.262,3.2,17.3,10.0,10.0,1.0,0.5,8.2,25.2,,2.1,1.9,4.0,.075,,-0.6,-1.2,-1.8,0.1
32,Will Barton\bartowi01,SG,27,DEN,77,2530,15.9,.557,.409,.221,2.9,14.2,8.6,18.5,1.6,1.6,11.8,20.5,,3.9,1.7,5.6,.106,,1.4,-0.6,0.8,1.8
33,Nicolas Batum\batumni01,SG,29,CHO,61,1918,14.3,.518,.422,.204,3.0,13.8,8.3,26.0,1.6,1.0,15.0,18.2,,1.6,1.7,3.3,.082,,0.8,0.4,1.2,1.6
34,Jerryd Bayless\bayleje01,SG,29,PHI,39,925,7.6,.546,.557,.168,1.8,7.3,4.7,8.1,1.2,0.5,14.1,15.1,,0.2,0.9,1.1,.055,,-1.8,-0.9,-2.7,-0.2
35,Aron Baynes\baynear01,C,31,BOS,76,1388,11.8,.509,.037,.188,9.2,22.3,15.8,9.5,0.6,2.8,14.6,16.5,,0.5,2.4,2.9,.099,,-3.9,2.1,-1.8,0.1
36,Kent Bazemore\bazemke01,SG,28,ATL,65,1789,14.5,.547,.405,.297,1.6,13.9,7.8,20.1,2.7,2.2,17.0,22.5,,0.2,2.0,2.2,.059,,-0.6,1.1,0.5,1.1
37,Bradley Beal\bealbr01,SG,24,WAS,78,2819,18.7,.566,.357,.245,2.3,11.4,6.9,21.2,1.7,1.1,11.6,27.8,,4.3,2.4,6.7,.113,,2.8,-1.0,1.9,2.7
38,Malik Beasley\beaslma01,SG,21,DEN,61,581,8.8,.504,.458,.186,2.7,11.0,6.9,7.4,1.3,1.0,11.1,16.1,,0.0,0.3,0.3,.023,,-2.8,-2.5,-5.3,-0.5
39,Michael Beasley\beaslmi01,PF,29,NYK,70,1582,17.7,.557,.101,.195,6.3,21.5,13.9,12.4,1.0,2.2,14.1,26.8,,0.9,1.4,2.2,.068,,-1.1,-0.6,-1.7,0.1
40,Marco Belinelli\belinma01,SG,31,TOT,75,1807,13.9,.579,.506,.214,1.1,7.0,4.1,11.9,1.6,0.4,9.8,20.3,,2.2,1.1,3.3,.089,,0.6,-2.2,-1.6,0.2
40,Marco Belinelli\belinma01,SG,31,ATL,52,1210,14.1,.555,.510,.225,1.2,8.0,4.6,13.5,1.9,0.2,9.2,21.2,,1.3,0.6,1.9,.076,,0.6,-2.3,-1.7,0.1
40,Marco Belinelli\belinma01,SG,31,PHI,23,597,13.3,.634,.498,.190,0.9,5.1,3.1,8.7,1.1,0.8,11.3,18.4,,0.9,0.5,1.4,.116,,0.7,-2.0,-1.3,0.1
41,Jordan Bell\belljo01,C,23,GSW,53,774,18.7,.646,.017,.235,9.2,19.2,14.6,17.2,2.1,5.7,18.9,13.8,,1.7,1.4,3.0,.189,,0.4,4.0,4.4,1.3
42,DeAndre' Bembry\bembrde01,SF,23,ATL,23,395,6.2,.467,.239,.248,2.3,15.9,9.1,14.1,1.9,2.2,25.8,18.0,,-0.9,0.4,-0.5,-0.059,,-6.6,1.1,-5.5,-0.3
43,Dragan Bender\bendedr01,PF,20,PHO,79,1957,6.6,.512,.666,.105,1.9,16.2,8.9,9.0,0.5,2.1,18.3,12.6,,-0.9,0.7,-0.2,-0.006,,-3.0,0.0,-3.0,-0.5
44,Davis Bertans\bertada01,PF,25,SAS,73,1063,14.0,.585,.690,.137,1.9,13.9,7.9,10.2,1.2,2.2,8.4,17.4,,1.5,1.5,3.0,.136,,1.2,-0.1,1.1,0.8
45,Patrick Beverley\beverpa01,SG,29,LAC,11,334,12.3,.530,.504,.143,5.4,9.4,7.4,13.8,2.6,1.2,16.5,19.6,,0.1,0.3,0.4,.057,,0.4,0.3,0.7,0.2
46,Khem Birch\birchkh01,C,25,ORL,37,455,13.8,.534,.000,.357,13.7,19.8,16.7,7.9,1.2,2.8,14.4,12.8,,0.6,0.5,1.0,.109,,-2.3,1.2,-1.1,0.1
47,Jabari Bird\birdja01,SG,23,BOS,8,35,4.0,.377,.500,1.500,6.4,6.2,6.3,3.7,1.4,0.0,13.1,9.8,,0.0,0.0,0.0,.021,,-4.8,-0.1,-4.9,0.0
48,Bismack Biyombo\biyombi01,C,25,ORL,77,1405,13.5,.550,.003,.445,10.4,23.9,17.1,6.0,0.6,5.1,17.1,14.5,,0.9,1.6,2.5,.087,,-4.0,2.0,-2.0,0.0
49,Nemanja Bjelica\bjeline01,PF,29,MIN,63,1286,12.9,.598,.490,.130,4.2,19.1,11.6,8.6,1.7,1.0,12.0,14.3,,1.7,1.0,2.7,.101,,0.8,-0.2,0.6,0.8
50,Tarik Black\blackta01,C,26,HOU,48,474,14.9,.589,.078,.478,14.4,19.9,17.1,3.8,2.1,4.7,18.7,15.9,,0.6,0.9,1.4,.144,,-2.6,2.0,-0.5,0.2
51,Antonio Blakeney\blakean01,SG,21,CHI,19,314,10.1,.471,.364,.273,1.3,10.2,5.6,10.1,1.1,0.3,6.4,23.7,,-0.2,0.1,0.0,-0.004,,-3.2,-3.5,-6.8,-0.4
52,Eric Bledsoe\bledser01,PG,28,TOT,70,2209,19.3,.577,.364,.318,2.6,11.5,7.1,24.9,3.2,1.5,16.1,26.3,,2.6,2.3,4.9,.107,,2.2,-0.4,1.8,2.1
52,Eric Bledsoe\bledser01,PG,28,PHO,3,83,13.0,.509,.325,.350,3.8,5.3,4.5,17.9,2.3,1.9,17.8,28.7,,-0.1,0.0,0.0,-0.029,,-2.5,-2.5,-5.0,-0.1
52,Eric Bledsoe\bledser01,PG,28,MIL,67,2126,19.6,.580,.366,.316,2.5,11.8,7.2,25.2,3.2,1.5,16.0,26.3,,2.7,2.3,5.0,.112,,2.3,-0.3,2.1,2.2
53,Vander Blue\blueva01,SG,25,LAL,5,45,-1.8,.255,.400,.400,0.0,2.4,1.2,8.1,1.1,0.0,33.8,8.4,,-0.1,0.0,-0.1,-0.103,,-8.7,-1.4,-10.1,-0.1
54,Bogdan Bogdanovic\bogdabo01,SG,25,SAC,75,2089,13.8,.564,.426,.161,1.5,10.7,5.9,18.3,1.7,0.7,13.1,19.6,,2.0,0.9,2.9,.067,,0.7,-1.6,-0.9,0.6
55,Bojan Bogdanovic\bogdabo02,SF,28,IND,77,2386,13.8,.603,.454,.244,1.4,10.9,6.2,7.1,1.1,0.3,10.2,18.9,,3.6,1.6,5.1,.104,,1.1,-1.9,-0.8,0.7
56,Andrew Bogut\bogutan01,C,33,LAL,23,216,10.8,.696,.000,.080,12.9,25.5,19.2,9.1,0.9,4.9,42.3,8.8,,0.1,0.3,0.4,.093,,-3.7,3.5,-0.1,0.1
57,Joel Bolomboy\bolomjo01,PF,24,MIL,6,38,11.7,.521,.167,1.000,18.7,12.4,15.5,0.0,2.6,0.0,18.8,12.7,,0.0,0.0,0.1,.079,,-3.1,-4.6,-7.7,-0.1
58,Devin Booker\bookede01,SG,21,PHO,54,1865,18.1,.561,.364,.312,1.5,12.7,7.0,24.5,1.2,0.6,13.9,31.6,,1.9,0.5,2.4,.063,,2.9,-2.4,0.5,1.2
59,Trevor Booker\booketr01,PF,30,TOT,64,1085,14.7,.563,.089,.275,10.8,18.7,14.8,11.0,1.2,1.5,14.1,16.5,,1.5,1.2,2.7,.120,,-1.1,0.6,-0.5,0.4
59,Trevor Booker\booketr01,PF,30,BRK,18,395,15.5,.536,.080,.287,10.1,22.0,16.0,16.3,1.0,0.9,15.1,21.8,,0.3,0.3,0.6,.071,,-1.6,0.2,-1.4,0.1
59,Trevor Booker\booketr01,PF,30,PHI,33,494,14.6,.618,.064,.358,10.7,15.8,13.3,7.6,1.6,1.8,13.7,12.6,,1.0,0.7,1.7,.163,,-0.7,1.3,0.7,0.3
59,Trevor Booker\booketr01,PF,30,IND,13,196,13.8,.524,.158,.088,12.8,19.5,16.2,8.6,0.8,1.8,11.9,15.3,,0.3,0.2,0.4,.109,,-1.2,-0.3,-1.5,0.0
60,Chris Boucher\bouchch01,PF,25,GSW,1,1,-28.5,.000,1.000,.000,0.0,100.0,55.9,0.0,0.0,0.0,0.0,43.9,,0.0,0.0,0.0,-0.893,,-39.0,-20.0,-59.0,0.0
61,Avery Bradley\bradlav01,SG,27,TOT,46,1433,9.7,.496,.325,.131,1.7,7.3,4.5,10.4,1.8,0.5,13.3,23.5,,-1.4,1.3,-0.1,-0.004,,-2.8,-1.3,-4.2,-0.8
61,Avery Bradley\bradlav01,SG,27,DET,40,1268,9.8,.497,.340,.140,1.6,6.7,4.1,10.5,1.8,0.5,13.3,24.4,,-1.3,1.2,-0.2,-0.006,,-2.7,-1.4,-4.2,-0.7
61,Avery Bradley\bradlav01,SG,27,LAC,6,165,9.0,.492,.164,.036,2.0,12.4,7.3,9.8,1.5,0.5,12.5,16.7,,-0.1,0.1,0.0,.012,,-3.5,-0.6,-4.1,-0.1
62,Tony Bradley\bradlto01,C,20,UTA,9,29,9.5,.337,.091,.182,15.9,27.2,21.6,5.0,0.0,0.0,0.0,18.5,,0.0,0.0,0.0,.030,,-6.6,-3.1,-9.7,-0.1
63,Corey Brewer\breweco01,SF,31,TOT,69,1121,11.1,.535,.331,.297,3.7,10.3,7.0,7.7,3.2,1.1,12.8,14.3,,0.6,1.5,2.1,.089,,-1.9,1.0,-0.9,0.3
63,Corey Brewer\breweco01,SF,31,LAL,54,694,8.9,.509,.250,.297,3.5,10.7,7.1,8.1,2.8,0.9,16.3,14.2,,-0.2,0.9,0.7,.047,,-3.6,0.8,-2.8,-0.1
63,Corey Brewer\breweco01,SF,31,OKC,15,427,14.7,.573,.449,.297,4.0,9.7,6.7,7.0,3.7,1.3,7.0,14.4,,0.8,0.6,1.4,.157,,1.0,1.2,2.1,0.4
64,Malcolm Brogdon\brogdma01,PG,25,MIL,46,1404,14.3,.579,.319,.174,1.9,10.8,6.4,16.3,1.5,0.8,11.0,19.1,,2.0,0.7,2.7,.093,,0.6,-1.8,-1.2,0.3
65,Aaron Brooks\brookaa01,PG,33,MIN,31,188,10.1,.508,.449,.159,4.3,6.2,5.2,15.2,1.6,0.0,11.9,19.7,,0.1,0.1,0.2,.039,,-0.5,-3.7,-4.1,-0.1
66,Dillon Brooks\brookdi01,SF,22,MEM,77,2204,9.0,.525,.342,.189,2.4,10.2,6.2,8.3,1.5,0.7,12.9,17.9,,-0.3,1.2,0.8,.018,,-2.2,-1.3,-3.4,-0.8
67,MarShon Brooks\brookma01,SG,29,MEM,2,40,46.4,.777,.280,.360,5.7,0.0,2.9,26.0,3.8,2.3,6.5,34.9,,0.3,0.0,0.4,.432,,15.9,-3.3,12.6,0.1
68,Anthony Brown\brownan02,SF,25,MIN,1,4,41.9,1.500,1.000,.000,0.0,0.0,0.0,41.7,0.0,0.0,0.0,11.1,,0.0,0.0,0.0,.570,,17.2,-15.1,2.1,0.0
69,Bobby Brown\brownbo02,PG,33,HOU,20,115,5.4,.425,.690,.034,0.0,6.8,3.4,14.9,1.7,0.0,13.3,26.0,,-0.3,0.1,-0.2,-0.080,,-5.0,-4.3,-9.3,-0.2
70,Jaylen Brown\brownja02,SF,21,BOS,66,2034,13.4,.556,.378,.289,3.6,14.4,9.1,8.5,1.6,1.0,11.9,21.0,,1.1,3.1,4.2,.100,,-0.7,0.6,-0.1,1.0
71,Lorenzo Brown\brownlo01,PG,27,TOR,13,114,6.6,.406,.320,.080,0.0,9.7,4.9,13.6,1.7,0.0,7.2,10.7,,0.0,0.1,0.1,.038,,-3.8,-0.5,-4.3,-0.1
72,Markel Brown\brownma02,SG,26,HOU,4,31,-1.3,.357,.714,.000,3.7,14.5,9.1,8.7,0.0,0.0,22.2,12.8,,-0.1,0.0,0.0,-0.064,,-6.6,-1.8,-8.4,-0.1
73,Sterling Brown\brownst02,SG,22,MIL,51,728,9.5,.513,.440,.126,4.2,17.6,10.9,4.6,2.1,1.3,10.6,14.0,,0.1,0.7,0.8,.050,,-2.8,-1.0,-3.8,-0.3
74,Nicolas Brussino\brussni01,SF,24,ATL,4,10,-4.6,.000,1.000,.000,0.0,33.6,16.8,0.0,0.0,0.0,0.0,8.7,,0.0,0.0,0.0,-0.179,,-13.8,-4.8,-18.6,0.0
75,Thomas Bryant\bryanth01,C,20,LAL,11,34,7.7,.473,.556,.667,3.1,15.6,9.4,7.8,0.0,0.0,7.9,15.7,,0.0,0.0,0.0,.037,,-3.8,-3.3,-7.1,0.0
76,Reggie Bullock\bullore01,SF,26,DET,61,1701,13.6,.613,.511,.090,1.6,8.3,4.9,8.4,1.4,0.7,7.6,15.7,,2.7,1.5,4.2,.118,,1.2,-0.6,0.7,1.1
77,Trey Burke\burketr01,PG,25,NYK,32,648,22.8,.576,.262,.133,2.1,8.0,5.1,38.1,1.5,0.5,8.8,25.9,,2.0,0.3,2.3,.167,,5.3,-3.3,2.0,0.7
78,Alec Burks\burksal01,SG,26,UTA,62,1030,13.1,.526,.335,.310,2.0,18.4,10.3,9.8,1.8,0.7,11.3,22.4,,0.2,1.5,1.7,.081,,-2.7,-0.3,-3.0,-0.3
79,Jimmy Butler\butleji01,SG,28,MIN,56,2077,23.5,.589,.220,.446,4.1,12.9,8.5,20.7,2.6,1.0,8.9,24.7,,6.8,1.6,8.4,.194,,4.8,0.0,4.9,3.6
80,Dwight Buycks\buyckdw01,PG,28,DET,29,427,12.8,.498,.227,.207,3.0,7.7,5.3,22.4,2.2,0.4,15.3,26.4,,-0.2,0.5,0.3,.029,,-2.5,-1.7,-4.2,-0.2
81,Bruno Caboclo\cabocbr01,SF,22,TOT,11,99,8.5,.398,.567,.200,7.7,15.6,11.5,6.9,1.5,3.8,10.9,16.6,,-0.1,0.1,0.0,-0.012,,-4.1,-0.2,-4.3,-0.1
81,Bruno Caboclo\cabocbr01,SF,22,TOR,2,7,-0.1,.000,1.000,.000,0.0,15.8,8.0,16.7,7.0,0.0,0.0,12.5,,0.0,0.0,0.0,-0.115,,-6.8,4.2,-2.5,0.0
81,Bruno Caboclo\cabocbr01,SF,22,SAC,9,92,9.2,.424,.536,.214,8.3,15.6,11.8,6.1,1.1,4.1,11.5,16.9,,-0.1,0.1,0.0,-0.004,,-3.9,-0.6,-4.4,-0.1
82,Jose Calderon\caldejo01,PG,36,CLE,55,888,11.5,.652,.517,.167,1.7,8.3,5.0,17.8,1.5,0.2,17.5,11.7,,1.5,0.3,1.8,.099,,0.2,-2.0,-1.8,0.1
83,Kentavious Caldwell-Pope\caldwke01,SG,24,LAL,69,2339,13.3,.565,.526,.246,2.7,14.3,8.5,9.1,2.1,0.5,9.9,16.9,,2.6,2.5,5.1,.105,,0.7,0.4,1.1,1.8
84,Isaiah Canaan\canaais01,PG-SG,26,TOT,20,422,13.5,.539,.482,.372,1.5,10.1,5.7,26.7,1.8,0.2,15.4,18.9,,0.5,0.1,0.6,.072,,0.1,-2.5,-2.4,0.0
84,Isaiah Canaan\canaais01,SG,26,HOU,1,4,-7.3,.000,.000,.000,0.0,28.0,14.1,0.0,0.0,0.0,0.0,11.0,,0.0,0.0,0.0,-0.224,,-17.2,-3.9,-21.2,0.0
84,Isaiah Canaan\canaais01,PG,26,PHO,19,418,13.7,.543,.485,.375,1.5,9.9,5.6,27.0,1.8,0.2,15.5,19.0,,0.5,0.1,0.6,.075,,0.3,-2.5,-2.2,0.0
85,Clint Capela\capelca01,C,23,HOU,71,1955,24.6,.650,.002,.383,13.5,31.0,22.3,5.8,1.4,5.8,11.6,19.5,,6.0,3.9,9.9,.242,,0.1,2.9,3.0,2.5
86,DeMarre Carroll\carrode01,SF,31,BRK,73,2180,14.3,.550,.498,.313,5.0,18.4,11.7,10.6,1.3,1.0,10.3,19.8,,2.3,1.8,4.1,.090,,0.5,-0.2,0.2,1.2
87,Vince Carter\cartevi01,SF,41,SAC,55,971,10.6,.519,.584,.126,1.9,14.9,8.1,9.3,2.1,2.5,10.7,14.7,,0.2,0.8,1.0,.051,,-1.6,0.4,-1.3,0.2
88,Michael Carter-Williams\cartemi01,PG,26,CHO,52,835,10.8,.446,.258,.389,4.7,13.4,8.9,19.5,2.6,2.3,16.2,16.6,,-0.2,1.1,0.8,.048,,-2.7,2.0,-0.7,0.3
89,Alex Caruso\carusal01,PG,23,LAL,32,457,7.9,.502,.356,.253,2.3,8.4,5.4,17.6,1.9,1.8,25.4,12.0,,-0.2,0.4,0.3,.031,,-4.0,0.4,-3.6,-0.2
90,Omri Casspi\casspom01,SF,29,GSW,53,740,15.5,.632,.106,.333,4.9,23.9,15.1,9.5,1.2,2.0,13.5,16.3,,1.2,1.0,2.2,.143,,-1.4,0.2,-1.3,0.1
91,Willie Cauley-Stein\caulewi01,C,24,SAC,70,1943,17.1,.523,.017,.320,7.2,21.7,14.1,13.5,1.9,3.1,11.3,21.6,,1.3,2.0,3.3,.082,,-1.6,1.6,0.0,1.0
92,Tyler Cavanaugh\cavanty01,PF,23,ATL,38,509,13.0,.577,.593,.145,9.5,17.6,13.5,8.0,0.9,0.7,8.3,14.5,,0.9,0.3,1.2,.113,,0.7,-1.4,-0.7,0.2
93,Mario Chalmers\chalmma01,PG,31,MEM,62,1353,10.1,.500,.424,.298,1.1,12.0,6.4,21.6,2.8,0.8,18.8,19.5,,-0.7,1.3,0.6,.021,,-2.3,-0.5,-2.8,-0.3
94,Tyson Chandler\chandty01,C,35,PHO,46,1151,14.2,.657,.000,.503,12.2,26.9,19.4,6.6,0.7,1.9,20.5,10.6,,1.8,0.8,2.6,.110,,-1.3,1.0,-0.4,0.5
95,Wilson Chandler\chandwi01,SF,30,DEN,70,2200,11.1,.543,.390,.186,5.0,14.0,9.5,9.7,0.9,1.4,12.0,14.6,,2.0,1.0,3.1,.067,,-0.4,-0.6,-1.0,0.5
96,Marquese Chriss\chrisma01,PF,20,PHO,71,1500,10.8,.504,.401,.319,5.1,22.8,13.8,8.1,1.6,3.8,16.6,17.9,,-0.9,1.5,0.6,.018,,-3.5,1.3,-2.1,-0.1
97,Ian Clark\clarkia01,SG,26,NOP,71,1387,9.0,.524,.392,.125,0.8,8.4,4.7,10.2,1.0,0.6,10.3,17.3,,0.1,0.7,0.8,.026,,-2.2,-2.1,-4.3,-0.8
98,Jordan Clarkson\clarkjo01,SG,25,TOT,77,1819,16.6,.543,.337,.202,3.3,9.3,6.3,19.4,1.5,0.3,10.8,26.5,,1.9,1.1,3.1,.081,,0.9,-2.7,-1.7,0.1
98,Jordan Clarkson\clarkjo01,SG,25,LAL,53,1256,16.9,.532,.315,.198,3.8,9.7,6.7,22.8,1.5,0.2,11.6,27.7,,1.1,1.0,2.1,.080,,1.0,-2.3,-1.4,0.2
98,Jordan Clarkson\clarkjo01,SG,25,CLE,24,563,16.0,.574,.394,.213,2.2,8.2,5.3,11.9,1.4,0.5,8.9,24.0,,0.8,0.2,1.0,.084,,0.8,-3.4,-2.5,-0.1
99,Gian Clavell\clavegi01,SG,24,DAL,7,64,7.4,.530,.833,.111,1.7,10.7,6.1,6.7,1.6,0.0,9.6,14.8,,0.0,0.0,0.1,.043,,-1.7,-1.8,-3.5,0.0
100,Antonius Cleveland\clevean01,SG,23,DAL,13,81,5.1,.317,.071,.286,2.7,11.3,6.9,3.3,3.7,4.4,11.3,10.0,,-0.1,0.1,0.0,-0.003,,-7.5,4.5,-3.0,0.0
101,John Collins\collijo01,PF,20,ATL,70,1663,18.6,.628,.081,.339,11.3,23.0,17.1,7.9,1.3,4.0,14.1,17.9,,3.3,1.9,5.2,.151,,-0.2,1.7,1.6,1.5
102,Zach Collins\colliza01,C,20,POR,62,979,8.2,.487,.387,.146,4.9,18.3,11.7,7.3,0.8,2.5,15.6,15.5,,-0.4,1.2,0.8,.038,,-3.7,0.9,-2.9,-0.2
103,Kyle Collinsworth\colliky01,SF,26,DAL,28,374,9.5,.439,.191,.471,7.2,17.8,12.3,14.1,2.0,1.4,18.0,12.2,,0.0,0.4,0.4,.050,,-4.0,2.3,-1.8,0.0
104,Darren Collison\collida01,PG,30,IND,65,1929,18.9,.613,.327,.235,2.1,7.6,4.9,26.3,2.3,0.7,11.2,17.4,,5.6,1.8,7.3,.182,,3.2,-1.0,2.2,2.0
105,Nick Collison\collini01,PF,37,OKC,13,72,13.8,.666,.000,.421,8.9,20.7,14.6,8.6,0.0,0.0,23.7,17.6,,0.1,0.0,0.1,.080,,-3.2,-2.8,-6.0,-0.1
106,Mike Conley\conlemi01,PG,30,MEM,12,373,15.5,.520,.458,.393,0.0,8.6,4.2,22.3,1.6,0.8,8.4,26.0,,0.4,0.2,0.6,.080,,1.2,-3.4,-2.2,0.0
107,Pat Connaughton\connapa01,SG,25,POR,78,1432,9.3,.535,.542,.113,2.6,9.0,5.8,8.9,0.7,1.2,9.3,13.5,,1.1,1.2,2.3,.078,,-0.9,-0.6,-1.5,0.2
108,Quinn Cook\cookqu01,PG,24,GSW,29,597,13.4,.600,.410,.102,1.6,10.1,6.2,16.7,0.9,0.1,10.8,17.7,,1.0,0.4,1.4,.110,,0.7,-2.7,-2.0,0.0
109,Charles Cooke\cookech01,SG,23,NOP,11,34,-3.4,.233,.583,.167,0.0,6.2,3.2,3.6,1.4,0.0,7.2,17.7,,-0.2,0.0,-0.1,-0.208,,-9.9,-3.5,-13.4,-0.1
110,Jack Cooley\cooleja01,PF,26,SAC,4,43,26.0,.581,.000,.333,22.8,27.8,25.2,15.0,1.2,0.0,0.0,17.9,,0.2,0.0,0.3,.282,,4.8,-1.2,3.6,0.1
111,Matt Costello\costema01,C,24,SAS,4,32,9.7,.500,.000,.000,3.4,27.8,15.6,8.3,3.2,5.2,20.0,7.0,,0.0,0.1,0.1,.129,,-5.0,6.7,1.7,0.0
112,DeMarcus Cousins\couside01,C,27,NOP,48,1737,22.7,.583,.340,.456,6.8,31.0,19.3,23.2,2.2,3.5,18.9,31.9,,1.5,3.1,4.6,.127,,2.0,3.6,5.6,3.3
113,Robert Covington\covinro01,PF,27,PHI,75,2378,12.8,.563,.656,.162,2.5,15.4,9.2,8.7,2.5,2.1,12.3,17.5,,1.5,4.1,5.6,.113,,0.4,1.8,2.2,2.6
114,Allen Crabbe\crabbal01,SG,25,BRK,71,2085,11.1,.540,.634,.155,1.3,14.3,7.7,7.9,1.0,1.1,8.4,18.6,,0.9,1.3,2.2,.051,,-0.3,-1.1,-1.5,0.3
115,Torrey Craig\craigto01,SF,27,DEN,35,586,10.3,.549,.406,.263,7.5,15.8,11.6,5.3,0.8,1.6,11.4,12.4,,0.6,0.3,0.9,.073,,-1.4,-1.3,-2.7,-0.1
116,Jamal Crawford\crawfja01,SG,37,MIN,76,1566,13.5,.527,.425,.154,1.3,5.5,3.4,17.1,1.2,0.4,10.8,24.2,,1.1,0.3,1.3,.041,,0.3,-4.3,-3.9,-0.8
117,Jordan Crawford\crawfjo02,SG,29,NOP,2,37,15.8,.643,.357,.000,6.1,2.8,4.4,35.7,0.0,2.2,22.2,21.1,,0.1,0.0,0.1,.123,,1.3,-4.7,-3.4,0.0
118,Jae Crowder\crowdja01,SF,27,TOT,76,2007,10.3,.531,.506,.226,3.1,11.4,7.3,6.9,1.5,0.8,9.5,16.9,,1.0,1.5,2.5,.060,,-0.8,-1.0,-1.8,0.1
118,Jae Crowder\crowdja01,SF,27,CLE,53,1346,10.2,.545,.503,.245,3.5,10.8,7.2,6.0,1.5,0.8,9.2,15.1,,1.0,0.6,1.7,.060,,-0.6,-1.2,-1.8,0.1
118,Jae Crowder\crowdja01,SF,27,UTA,23,661,10.6,.509,.510,.199,2.4,12.6,7.6,8.7,1.4,0.9,9.9,20.7,,0.0,0.8,0.8,.058,,-1.4,-0.5,-1.9,0.0
119,Dante Cunningham\cunnida01,SF,30,TOT,70,1499,9.7,.542,.474,.149,5.1,14.5,9.9,4.1,1.2,1.4,8.1,11.5,,1.0,1.2,2.2,.070,,-1.5,-0.1,-1.6,0.2
119,Dante Cunningham\cunnida01,SF,30,NOP,51,1115,8.5,.525,.480,.160,5.0,13.5,9.4,3.0,1.2,1.1,6.2,10.0,,0.7,0.8,1.5,.065,,-1.7,-0.1,-1.8,0.1
119,Dante Cunningham\cunnida01,SF,30,BRK,19,384,13.2,.574,.462,.128,5.5,17.4,11.3,7.3,1.4,1.9,11.5,15.7,,0.3,0.3,0.7,.085,,-1.0,0.1,-0.9,0.1
120,Stephen Curry\curryst01,PG,29,GSW,51,1631,28.2,.675,.580,.350,2.7,14.4,8.9,30.2,2.4,0.4,13.3,31.0,,7.2,1.9,9.2,.270,,9.8,-1.2,8.6,4.4
121,Troy Daniels\danietr01,SG,26,PHO,78,1609,10.0,.585,.798,.112,0.8,7.7,4.2,4.6,0.7,0.3,8.3,17.2,,1.5,0.0,1.5,.045,,0.8,-3.7,-2.8,-0.3
122,Anthony Davis\davisan02,PF,24,NOP,70,2551,28.8,.613,.113,.400,7.7,24.9,16.5,10.9,1.9,5.4,8.7,29.8,,8.2,4.4,12.6,.237,,2.9,2.1,5.1,4.5
123,Deyonta Davis\davisde01,C,21,MEM,57,819,16.7,.628,.000,.238,8.8,21.9,15.2,7.4,0.7,4.0,10.0,15.3,,1.7,0.8,2.5,.146,,-1.3,0.5,-0.8,0.2
124,Ed Davis\davised01,C,28,POR,76,1439,15.8,.610,.003,.387,13.9,28.6,21.3,4.0,1.1,2.9,15.8,12.2,,2.6,2.4,5.0,.168,,-1.6,1.7,0.1,0.8
125,Dewayne Dedmon\dedmode01,C,28,ATL,58,1436,15.8,.600,.303,.168,7.5,28.1,17.8,9.1,1.3,2.8,14.6,17.1,,1.6,1.7,3.4,.113,,-1.0,1.5,0.5,0.9
126,Sam Dekker\dekkesa01,PF,23,LAC,69,817,11.1,.526,.251,.222,5.2,15.5,10.4,6.0,1.3,0.9,10.3,15.5,,0.4,0.6,1.1,.063,,-2.4,-0.9,-3.3,-0.3
127,Malcolm Delaney\delanma01,PG,28,ATL,54,1014,10.7,.519,.435,.323,1.0,10.0,5.5,23.4,1.7,0.5,16.9,16.9,,0.4,0.6,1.0,.047,,-2.0,-1.6,-3.6,-0.4
128,Matthew Dellavedova\dellama01,PG,27,MIL,37,702,8.7,.506,.517,.168,2.2,8.4,5.3,27.3,1.0,0.0,23.1,13.4,,0.3,0.2,0.5,.034,,-2.2,-3.6,-5.8,-0.7
129,Luol Deng\denglu01,SF,32,LAL,1,13,5.5,.500,.000,.000,0.0,0.0,0.0,10.1,3.7,0.0,33.3,9.8,,0.0,0.0,0.0,-0.018,,-7.2,-1.4,-8.6,0.0
130,DeMar DeRozan\derozde01,SG,28,TOR,76,2589,21.4,.559,.201,.403,2.5,10.3,6.5,25.0,1.6,0.6,9.6,29.7,,6.8,2.5,9.3,.173,,3.0,-1.0,2.0,2.6
131,Cheick Diallo\diallch01,PF,21,NOP,47,515,17.7,.618,.000,.379,8.7,30.5,19.9,4.5,0.9,2.9,10.5,17.7,,1.0,0.7,1.8,.164,,-2.8,-0.6,-3.3,-0.2
132,Gorgui Dieng\dienggo01,C,28,MIN,75,1281,14.2,.536,.147,.266,8.8,22.2,15.4,7.6,1.7,2.5,12.4,16.2,,1.3,1.2,2.6,.096,,-1.3,0.6,-0.7,0.4
133,Spencer Dinwiddie\dinwisp01,PG,24,BRK,77,2217,16.0,.526,.508,.323,1.9,10.3,6.1,35.1,1.4,0.8,11.6,20.3,,4.2,1.3,5.5,.118,,2.1,-1.7,0.4,1.3
134,Tyler Dorsey\dorsety01,SG,21,ATL,52,871,9.1,.478,.528,.148,2.2,13.0,7.6,13.4,0.8,0.4,8.9,19.8,,-0.2,0.3,0.1,.007,,-2.2,-2.5,-4.7,-0.6
135,Damyean Dotson\dotsoda01,SG,23,NYK,40,356,8.9,.489,.409,.130,2.2,15.2,8.7,9.2,1.0,0.2,9.7,16.5,,0.0,0.2,0.2,.022,,-2.7,-2.1,-4.9,-0.3
136,Milton Doyle\doylemi01,SG,24,BRK,7,75,4.5,.321,.483,.172,2.8,14.3,8.5,9.8,2.6,1.0,6.0,19.2,,-0.2,0.1,-0.1,-0.089,,-6.4,-0.6,-7.0,-0.1
137,PJ Dozier\doziepj01,PG,21,OKC,2,3,-5.0,.500,.000,.000,0.0,38.3,18.5,0.0,0.0,0.0,33.3,42.9,,0.0,0.0,0.0,-0.403,,-23.5,-10.5,-34.0,0.0
138,Goran Dragic\dragigo01,PG,31,MIA,73,2324,16.8,.544,.281,.255,2.6,12.0,7.3,25.4,1.3,0.4,12.1,25.8,,3.0,2.3,5.3,.110,,1.2,-1.1,0.1,1.2
139,Larry Drew II\drewla02,PG,27,TOT,9,65,3.4,.386,.364,.000,5.2,0.0,2.5,16.3,0.0,0.0,12.0,16.6,,-0.1,0.0,-0.1,-0.053,,-4.9,-5.0,-9.9,-0.1
139,Larry Drew\drewla02,PG,27,PHI,3,15,-9.4,.143,.429,.000,7.5,0.0,3.6,17.3,0.0,0.0,12.5,22.8,,-0.1,0.0,-0.1,-0.301,,-12.2,-5.1,-17.3,-0.1
139,Larry Drew\drewla02,PG,27,NOP,6,50,7.3,.500,.333,.000,4.5,0.0,2.2,16.0,0.0,0.0,11.8,14.7,,0.0,0.0,0.0,.021,,-2.7,-5.0,-7.7,-0.1
140,Andre Drummond\drumman01,C,24,DET,75,2504,23.3,.557,.009,.450,16.5,36.6,26.4,14.5,2.2,4.4,15.9,21.3,,4.5,5.6,10.1,.194,,0.3,5.4,5.7,4.9
141,Jared Dudley\dudleja01,PF,32,PHO,45,626,8.7,.554,.682,.264,1.3,13.4,7.3,16.2,1.7,1.2,17.5,10.1,,0.4,0.3,0.8,.058,,-1.8,-0.2,-2.0,0.0
142,Kris Dunn\dunnkr01,PG,23,CHI,52,1525,14.5,.488,.201,.173,1.6,14.3,7.8,33.3,3.3,1.6,17.3,24.7,,-1.0,1.9,0.9,.028,,-1.5,1.4,0.0,0.8
143,Kevin Durant\duranke01,PF,29,GSW,64,2196,26.1,.643,.337,.331,1.7,19.4,11.2,25.3,1.0,4.2,12.9,30.3,,7.2,2.9,10.1,.221,,5.0,0.9,5.9,4.4
144,Jarell Eddie\eddieja01,SF,26,TOT,3,9,-1.9,.000,1.000,.000,0.0,12.0,6.1,0.0,5.6,0.0,0.0,9.8,,0.0,0.0,0.0,-0.141,,-10.1,1.7,-8.4,0.0
144,Jarell Eddie\eddieja01,SF,26,BOS,2,6,4.0,.000,1.000,.000,0.0,18.0,9.1,0.0,8.3,0.0,0.0,7.5,,0.0,0.0,0.0,-0.026,,-8.6,5.1,-3.5,0.0
144,Jarell Eddie\eddieja01,SF,26,CHI,1,3,-13.6,.000,1.000,.000,0.0,0.0,0.0,0.0,0.0,0.0,0.0,14.5,,0.0,0.0,0.0,-0.371,,-13.0,-5.2,-18.2,0.0
145,Henry Ellenson\ellenhe01,PF,21,DET,33,229,8.8,.432,.388,.155,4.2,24.6,14.2,11.3,0.7,0.0,10.6,23.8,,-0.3,0.2,-0.1,-0.017,,-5.4,-2.2,-7.6,-0.3
146,Wayne Ellington\ellinwa01,SG,30,MIA,73,1939,12.1,.582,.829,.115,1.2,10.9,6.1,6.1,1.2,0.3,7.0,17.3,,2.2,1.8,4.0,.099,,1.5,-1.8,-0.3,0.8
147,Joel Embiid\embiijo01,C,23,PHI,63,1912,23.0,.573,.203,.442,8.4,29.8,19.5,18.2,1.0,4.8,15.6,33.4,,2.4,3.9,6.2,.156,,0.2,2.6,2.8,2.3
148,James Ennis III\ennisja01,SF,27,TOT,67,1533,11.9,.596,.392,.317,5.3,11.1,8.2,6.7,1.5,1.1,11.6,13.5,,2.1,1.1,3.2,.099,,-0.4,-0.4,-0.8,0.5
148,James Ennis\ennisja01,SF,27,MEM,45,1053,11.9,.610,.378,.329,5.7,11.7,8.6,7.1,1.5,1.1,13.0,12.5,,1.5,0.6,2.1,.096,,-0.4,-0.3,-0.7,0.4
148,James Ennis\ennisja01,SF,27,DET,22,480,12.0,.574,.413,.297,4.5,9.9,7.1,5.9,1.4,1.1,9.3,15.9,,0.6,0.5,1.0,.105,,-0.6,-0.5,-1.1,0.1
149,Tyler Ennis\ennisty01,PG,23,LAL,49,552,10.1,.455,.256,.114,3.1,11.9,7.5,21.4,1.9,1.3,13.6,16.4,,0.0,0.6,0.5,.047,,-3.3,-0.2,-3.5,-0.2
150,Jawun Evans\evansja01,PG,21,LAC,48,778,7.2,.421,.213,.194,1.3,10.4,5.9,17.8,2.2,0.6,13.8,17.7,,-0.8,0.7,-0.1,-0.008,,-4.3,-0.5,-4.7,-0.5
151,Tyreke Evans\evansty01,PG,28,MEM,52,1607,21.2,.561,.354,.258,3.1,16.3,9.6,31.5,1.8,1.0,11.5,28.5,,3.0,1.3,4.3,.129,,4.5,-0.7,3.8,2.4
152,Dante Exum\exumda01,PG,22,UTA,10,148,21.9,.630,.203,.356,1.6,11.4,6.5,32.9,2.0,0.6,15.0,24.4,,0.4,0.2,0.6,.210,,2.2,-1.1,1.1,0.1
153,Kenneth Faried\farieke01,PF,28,DEN,32,461,17.4,.552,.007,.345,16.7,20.8,18.7,5.8,1.3,2.4,11.9,18.2,,0.9,0.4,1.3,.130,,-1.1,-1.2,-2.3,0.0
154,Derrick Favors\favorde01,C,26,UTA,73,2044,18.8,.594,.084,.319,10.6,18.4,14.5,8.0,1.3,3.2,10.3,18.5,,4.2,3.3,7.5,.176,,0.4,2.1,2.5,2.4
155,Kay Felder\feldeka01,PG,22,TOT,15,137,2.9,.375,.279,.176,1.5,10.5,5.9,22.5,1.1,0.6,17.9,28.4,,-0.6,0.1,-0.5,-0.185,,-8.7,-3.5,-12.1,-0.3
155,Kay Felder\feldeka01,PG,22,CHI,14,134,3.6,.386,.273,.182,0.8,10.8,5.6,23.0,1.1,0.7,17.4,28.0,,-0.5,0.1,-0.5,-0.166,,-8.2,-3.3,-11.5,-0.3
155,Kay Felder\feldeka01,PG,22,DET,1,3,-31.6,.000,.500,.000,35.9,0.0,18.4,0.0,0.0,0.0,33.3,44.2,,-0.1,0.0,-0.1,-1.005,,-29.5,-11.8,-41.4,0.0
156,Cristiano Felicio\feliccr01,C,25,CHI,51,856,12.3,.619,.005,.346,8.8,16.7,12.6,8.6,0.6,1.1,17.5,13.4,,1.1,0.5,1.6,.088,,-2.3,-0.2,-2.5,-0.1
157,Raymond Felton\feltora01,PG,33,OKC,79,1324,13.2,.492,.410,.080,2.0,11.1,6.4,22.9,1.8,1.0,11.5,20.4,,0.9,1.3,2.2,.080,,-1.1,-1.8,-2.8,-0.3
158,Terrance Ferguson\fergute01,SG,19,OKC,59,728,7.0,.532,.692,.063,2.8,3.9,3.3,3.2,1.6,1.2,6.3,10.3,,0.5,0.5,1.1,.070,,-1.5,-1.3,-2.8,-0.1
159,Yogi Ferrell\ferreyo01,SG,24,DAL,78,2220,11.4,.544,.487,.140,1.3,11.3,6.2,12.9,1.4,0.3,9.2,17.0,,1.5,1.6,3.0,.065,,-0.4,-0.5,-0.9,0.6
160,Dorian Finney-Smith\finnedo01,PF,24,DAL,17,309,5.9,.474,.638,.159,4.5,13.3,8.8,6.8,1.1,1.2,16.9,13.1,,-0.2,0.2,0.0,.006,,-3.7,0.2,-3.5,-0.1
161,Bryn Forbes\forbebr01,SG,24,SAS,76,1444,9.1,.524,.464,.143,0.8,7.2,4.0,8.1,0.9,0.1,6.8,16.7,,0.7,1.3,2.0,.067,,-1.3,-1.8,-3.0,-0.4
162,Evan Fournier\fournev01,SF,25,ORL,57,1837,15.6,.577,.418,.216,1.4,9.5,5.4,14.8,1.3,0.7,9.8,23.3,,2.5,0.9,3.4,.089,,1.6,-2.1,-0.4,0.7
163,De'Aaron Fox\foxde01,PG,20,SAC,70,1928,11.2,.477,.188,.242,1.6,9.7,5.5,24.5,1.8,1.0,16.1,23.2,,-1.5,0.9,-0.6,-0.015,,-2.8,-1.6,-4.4,-1.2
164,Tim Frazier\fraziti01,PG,27,WAS,56,807,11.2,.477,.335,.183,2.5,12.7,7.7,31.4,2.6,0.8,23.7,12.7,,0.4,0.9,1.3,.079,,-2.3,0.1,-2.2,0.0
165,Channing Frye\fryech01,C,34,TOT,49,617,13.4,.606,.554,.082,2.0,19.9,11.1,7.5,1.4,1.8,8.2,14.9,,0.9,0.5,1.4,.107,,-0.5,-0.9,-1.4,0.1
165,Channing Frye\fryech01,C,34,CLE,44,545,13.9,.604,.533,.089,2.1,20.2,11.3,7.5,1.5,1.9,8.8,15.7,,0.7,0.5,1.2,.105,,-0.5,-0.8,-1.3,0.1
165,Channing Frye\fryech01,C,34,LAL,5,72,9.7,.633,.800,.000,1.5,17.7,9.6,7.5,0.0,1.1,0.0,8.8,,0.1,0.1,0.2,.124,,-0.7,-1.4,-2.1,0.0
166,Markelle Fultz\fultzma01,SG,19,PHI,9,160,11.0,.415,.000,.258,4.9,9.8,7.4,26.8,1.8,1.6,10.9,22.0,,-0.1,0.2,0.1,.038,,-4.3,-0.2,-4.5,-0.1
167,Danilo Gallinari\gallida01,SF,29,LAC,21,671,13.9,.545,.434,.340,1.5,14.8,8.3,8.9,0.9,1.2,8.1,20.6,,0.8,0.4,1.3,.091,,0.0,-1.3,-1.3,0.1
168,Langston Galloway\gallola01,SG,26,DET,54,782,12.3,.509,.648,.112,1.7,10.2,5.8,10.3,1.9,0.6,5.1,19.0,,0.5,0.8,1.4,.084,,-0.1,-1.5,-1.6,0.1
169,Marc Gasol\gasolma01,C,33,MEM,71,2354,17.5,.533,.309,.331,3.6,25.5,14.3,21.5,1.1,4.0,13.9,25.8,,1.5,2.7,4.1,.084,,-0.1,1.7,1.6,2.2
170,Pau Gasol\gasolpa01,C,37,SAS,73,1723,19.0,.541,.188,.334,7.7,30.3,19.0,20.1,0.6,3.7,13.4,20.7,,2.5,3.2,5.7,.159,,-0.2,3.3,3.1,2.2
171,Rudy Gay\gayru01,PF,31,SAS,53,1134,17.8,.543,.211,.270,6.8,19.5,13.1,9.7,1.9,2.6,11.7,24.6,,0.9,2.0,2.9,.121,,-0.9,1.0,0.1,0.6
172,Paul George\georgpa01,SF,27,OKC,76,2779,18.4,.566,.447,.300,2.7,15.0,8.7,14.7,2.8,1.2,12.3,25.6,,4.5,3.8,8.3,.143,,2.3,0.1,2.4,3.1
173,Marcus Georges-Hunt\georgma01,SG,23,MIN,41,223,6.3,.498,.298,.447,3.6,4.7,4.2,4.1,1.3,0.0,5.1,11.8,,0.1,0.0,0.2,.038,,-2.0,-2.7,-4.7,-0.2
174,Taj Gibson\gibsota01,PF,32,MIN,78,2613,15.4,.615,.050,.253,8.0,16.5,12.2,5.3,1.1,1.8,9.9,14.6,,5.2,1.5,6.8,.124,,1.0,0.1,1.2,2.1
175,Manu Ginobili\ginobma01,SG,40,SAS,62,1241,12.4,.544,.409,.285,1.7,10.0,5.8,18.8,1.7,1.1,16.7,21.3,,0.4,1.6,2.0,.076,,-0.9,-0.4,-1.3,0.2
176,Rudy Gobert\goberru01,C,25,UTA,52,1702,20.9,.659,.000,.682,10.3,27.5,19.0,6.7,1.2,6.1,15.5,16.9,,4.0,3.6,7.6,.214,,-0.3,4.5,4.2,2.7
177,Aaron Gordon\gordoaa01,PF,22,ORL,54,1813,16.6,.530,.393,.265,5.3,21.9,13.5,11.7,1.4,1.9,9.6,24.4,,1.1,1.9,2.9,.078,,0.1,0.0,0.1,1.0
178,Eric Gordon\gordoer01,SG,29,HOU,68,2127,15.3,.580,.623,.251,1.3,7.6,4.5,11.6,1.0,1.1,10.8,24.8,,3.0,1.7,4.7,.106,,1.5,-2.5,-1.0,0.6
179,Marcin Gortat\gortama01,C,33,WAS,78,1967,14.9,.550,.000,.299,9.8,24.1,17.0,10.8,1.0,2.6,13.5,15.6,,2.4,2.3,4.7,.116,,-1.5,1.9,0.4,1.2
180,Treveon Graham\grahatr01,SG,24,CHO,63,1050,9.0,.553,.439,.267,4.2,8.3,6.2,7.9,1.5,0.2,9.9,11.3,,1.0,0.7,1.7,.079,,-0.6,-0.4,-1.0,0.3
181,Jerami Grant\grantje01,PF,23,OKC,78,1585,15.6,.596,.245,.497,5.7,16.1,10.7,5.1,0.9,4.1,9.1,16.0,,3.0,1.8,4.8,.145,,-1.1,0.2,-0.9,0.4
182,Jerian Grant\grantje02,PG,25,CHI,70,1574,14.5,.531,.370,.387,2.0,9.6,5.7,30.6,1.8,0.4,13.3,17.3,,2.3,0.9,3.3,.100,,0.0,-1.7,-1.8,0.1
183,Josh Gray\grayjo01,PG,24,PHO,5,86,7.3,.349,.317,.268,2.4,10.1,6.2,20.8,4.5,1.9,13.2,26.0,,-0.3,0.1,-0.2,-0.118,,-5.9,0.4,-5.4,-0.1
184,Danny Green\greenda02,SG,30,SAS,66,1720,11.7,.516,.576,.106,2.6,12.9,7.8,8.8,1.8,3.8,11.1,16.4,,0.2,2.8,3.1,.086,,-0.8,2.4,1.6,1.6
185,Draymond Green\greendr01,PF,27,GSW,66,2171,16.4,.555,.409,.280,4.1,21.1,13.2,29.1,2.0,3.2,21.8,17.1,,2.8,3.5,6.2,.138,,0.6,2.9,3.5,3.0
186,Gerald Green\greenge01,SG,32,HOU,37,825,14.0,.558,.721,.146,1.9,14.0,8.0,4.4,1.4,1.3,5.2,21.7,,1.0,0.9,1.9,.112,,0.6,-2.3,-1.8,0.1
187,JaMychal Green\greenja01,PF,27,MEM,55,1542,14.0,.530,.260,.227,10.8,24.4,17.4,8.3,1.1,1.5,12.4,17.9,,1.3,1.4,2.6,.082,,-1.2,-0.2,-1.3,0.3
188,Jeff Green\greenje02,PF,31,CLE,74,1715,14.2,.571,.269,.371,3.8,11.5,7.7,8.1,1.1,1.6,9.5,19.5,,2.5,0.8,3.3,.092,,-0.7,-1.6,-2.4,-0.2
189,Blake Griffin\griffbl01,PF,28,TOT,58,1970,19.7,.544,.323,.331,4.1,19.8,11.9,28.1,1.0,0.8,12.6,28.9,,3.2,1.9,5.0,.123,,2.8,0.0,2.8,2.4
189,Blake Griffin\griffbl01,PF,28,LAC,33,1139,20.5,.553,.324,.379,4.5,20.5,12.6,25.6,1.3,0.7,12.8,29.3,,2.0,1.0,3.1,.129,,3.1,0.0,3.1,1.5
189,Blake Griffin\griffbl01,PF,28,DET,25,831,18.5,.531,.323,.266,3.5,18.8,11.0,31.6,0.7,1.0,12.4,28.4,,1.1,0.8,2.0,.114,,2.4,0.0,2.4,0.9
190,Daniel Hamilton\hamilda02,SG,22,OKC,5,26,19.6,.545,.455,.000,0.0,22.1,10.7,42.6,1.9,0.0,15.4,21.5,,0.1,0.0,0.1,.162,,1.0,-1.9,-0.9,0.0
191,Tim Hardaway Jr.\hardati02,SG,25,NYK,56,1856,14.3,.531,.476,.209,1.9,11.2,6.6,12.5,1.6,0.5,9.0,23.8,,1.5,1.0,2.5,.065,,1.6,-1.8,-0.2,0.8
192,James Harden\hardeja01,SG,28,HOU,69,2449,30.1,.619,.499,.498,1.8,15.4,8.6,44.8,2.5,1.7,14.7,36.2,,11.4,3.6,15.0,.294,,9.8,1.3,11.1,8.1
193,Maurice Harkless\harklma01,SF,24,POR,59,1264,12.6,.596,.397,.199,4.0,9.9,7.0,6.0,1.9,2.8,11.0,12.6,,1.6,1.6,3.2,.122,,-0.2,2.0,1.8,1.2
194,Montrezl Harrell\harremo01,C,24,LAC,72,1190,24.9,.656,.012,.417,9.3,17.1,13.3,9.2,1.3,3.3,9.8,23.8,,4.1,1.2,5.3,.213,,2.4,-0.1,2.3,1.3
195,Devin Harris\harride01,PG,34,TOT,67,1272,12.8,.561,.493,.384,1.0,9.8,5.3,16.7,1.8,0.8,13.0,20.1,,1.4,0.9,2.3,.087,,-0.3,-1.6,-1.9,0.0
195,Devin Harris\harride01,PG,34,DAL,44,807,13.5,.560,.440,.394,1.2,10.8,5.9,16.4,2.1,0.9,12.8,21.5,,0.7,0.8,1.5,.087,,-0.5,-0.8,-1.3,0.1
195,Devin Harris\harride01,PG,34,DEN,23,465,11.6,.563,.600,.364,0.7,8.0,4.4,17.3,1.5,0.7,13.3,17.5,,0.7,0.2,0.8,.087,,0.1,-3.0,-2.9,-0.1
196,Gary Harris\harriga01,SG,23,DEN,65,2265,16.6,.599,.436,.175,1.8,6.8,4.3,13.1,2.6,0.6,11.0,20.6,,3.9,1.4,5.4,.113,,2.5,-1.6,1.0,1.7
197,Joe Harris\harrijo01,SG,26,BRK,76,1916,13.0,.626,.576,.169,2.8,11.3,7.0,9.6,0.9,0.7,12.1,16.7,,2.7,0.8,3.6,.089,,1.1,-1.3,-0.2,0.9
198,Tobias Harris\harrito02,PF,25,TOT,76,2546,17.4,.569,.369,.178,2.4,15.6,8.9,11.6,1.3,1.1,7.2,23.2,,4.3,2.5,6.8,.128,,1.7,-0.7,1.0,1.9
198,Tobias Harris\harrito02,PF,25,DET,48,1563,16.8,.564,.389,.192,2.5,15.0,8.6,10.0,1.1,0.8,6.2,23.2,,2.6,1.6,4.2,.128,,1.4,-1.2,0.3,0.9
198,Tobias Harris\harrito02,PF,25,LAC,28,983,18.4,.576,.336,.157,2.3,16.5,9.5,14.2,1.6,1.6,8.7,23.3,,1.7,0.9,2.6,.128,,2.1,0.0,2.1,1.0
199,Aaron Harrison\harriaa01,SG,23,DAL,6,123,4.7,.351,.657,.314,0.9,14.0,7.2,9.0,2.4,1.4,4.8,15.5,,-0.2,0.1,-0.1,-0.025,,-4.8,0.5,-4.3,-0.1
200,Andrew Harrison\harrian01,PG,23,MEM,56,1326,12.7,.534,.331,.371,2.0,9.7,5.7,21.4,1.5,1.8,14.0,19.7,,1.0,0.8,1.8,.065,,-0.9,-1.4,-2.3,-0.1
201,Shaquille Harrison\harrish01,PG,24,PHO,20,291,15.2,.534,.221,.347,2.5,16.5,9.4,18.1,3.5,1.9,12.7,18.3,,0.2,0.3,0.6,.091,,-1.3,1.5,0.2,0.2
202,Josh Hart\hartjo01,SG,22,LAL,58,1278,11.3,.583,.536,.229,3.1,15.7,9.4,7.7,1.5,0.9,9.9,12.4,,1.4,1.3,2.8,.103,,-0.7,0.3,-0.4,0.5
203,Udonis Haslem\hasleud01,C,37,MIA,13,66,2.3,.250,.500,.000,5.1,10.3,7.7,10.1,0.0,2.6,12.5,10.9,,-0.1,0.1,-0.1,-0.055,,-7.1,-0.2,-7.3,-0.1
204,Nigel Hayes\hayesni01,SF,23,TOT,6,60,2.4,.362,.611,.167,1.8,8.0,4.7,11.0,0.0,1.6,9.4,15.7,,-0.2,0.0,-0.2,-0.134,,-6.0,-4.1,-10.0,-0.1
204,Nigel Hayes\hayesni01,SF,23,LAL,2,11,9.8,.436,.667,.333,0.0,0.0,0.0,24.2,0.0,0.0,0.0,13.2,,0.0,0.0,0.0,.069,,-3.6,-9.3,-12.9,0.0
204,Nigel Hayes\hayesni01,SF,23,TOR,2,6,34.9,1.500,1.000,.000,0.0,0.0,0.0,0.0,0.0,0.0,33.3,21.9,,0.0,0.0,0.0,.019,,14.4,-6.5,7.9,0.0
204,Nigel Hayes\hayesni01,SF,23,SAC,2,43,-4.0,.180,.538,.154,2.5,11.1,6.6,9.2,0.0,2.2,6.7,15.5,,-0.2,0.0,-0.2,-0.207,,-9.4,-2.4,-11.8,-0.1
205,Gordon Hayward\haywago01,SF,27,BOS,1,5,7.4,.500,.500,.000,0.0,21.6,11.0,0.0,0.0,0.0,0.0,17.9,,0.0,0.0,0.0,.057,,-5.9,-6.0,-11.9,0.0
206,Reggie Hearn\hearnre01,SG,26,DET,2,3,44.4,1.500,1.000,.000,0.0,0.0,0.0,0.0,0.0,0.0,0.0,14.7,,0.0,0.0,0.0,.242,,20.5,-6.6,13.9,0.0
207,Myke Henry\henrymy01,SF,25,MEM,15,279,9.8,.492,.551,.128,2.8,7.7,5.2,8.8,3.8,1.7,14.5,15.6,,-0.2,0.3,0.2,.026,,-2.1,0.8,-1.3,0.0
208,John Henson\hensojo01,C,27,MIL,72,1869,15.8,.587,.015,.318,9.1,21.6,15.4,8.5,1.1,4.8,13.4,15.1,,2.7,2.0,4.7,.120,,-1.3,1.8,0.5,1.2
209,Juancho Hernangomez\hernaju01,PF,22,DEN,24,275,10.0,.517,.662,.162,7.4,14.7,11.1,5.9,1.1,0.9,10.2,13.9,,0.2,0.1,0.4,.063,,-0.9,-2.3,-3.2,-0.1
210,Willy Hernangomez\hernawi01,C,23,TOT,45,430,20.6,.592,.075,.555,13.6,25.2,19.4,11.0,1.8,2.8,15.4,21.7,,0.8,0.6,1.4,.156,,-0.1,0.6,0.5,0.3
210,Willy Hernangomez\hernawi01,C,23,NYK,26,233,16.9,.595,.062,.346,10.5,21.4,16.0,14.4,1.7,2.6,21.8,22.3,,0.1,0.3,0.3,.069,,-1.4,0.8,-0.6,0.1
210,Willy Hernangomez\hernawi01,C,23,CHO,19,197,25.0,.589,.092,.815,17.2,29.8,23.4,7.1,2.0,3.0,7.3,21.0,,0.7,0.3,1.1,.258,,1.4,0.4,1.8,0.2
211,Mario Hezonja\hezonma01,SF,22,ORL,70,1509,13.6,.547,.437,.162,2.8,15.8,9.2,9.2,2.4,1.4,11.4,19.8,,0.5,1.6,2.1,.066,,-1.0,0.0,-1.0,0.4
212,Isaiah Hicks\hicksis01,PF,23,NYK,14,169,4.9,.449,.174,.261,6.6,15.0,10.8,6.5,0.6,1.5,16.3,15.8,,-0.2,0.1,-0.1,-0.023,,-5.0,-1.2,-6.2,-0.2
213,Buddy Hield\hieldbu01,SG,24,SAC,77,1930,16.0,.558,.442,.090,2.8,15.1,8.7,12.3,2.0,1.0,11.2,24.3,,1.2,1.3,2.6,.064,,1.1,-1.6,-0.5,0.7
214,Nene\hilarne01,C,35,HOU,50,732,17.0,.604,.009,.442,8.1,18.5,13.3,9.6,1.8,1.6,11.7,19.0,,1.6,1.0,2.6,.170,,-1.2,0.6,-0.6,0.3
215,George Hill\hillge01,PG,31,TOT,65,1783,13.2,.581,.399,.273,2.6,8.9,5.7,14.9,1.6,1.3,13.2,16.4,,2.3,0.8,3.1,.083,,0.3,-1.0,-0.7,0.6
215,George Hill\hillge01,PG,31,SAC,43,1143,14.0,.597,.393,.304,2.1,9.9,5.8,15.5,1.7,1.0,14.0,16.9,,1.6,0.5,2.1,.088,,0.5,-1.1,-0.7,0.4
215,George Hill\hillge01,PG,31,CLE,22,640,11.9,.550,.411,.217,3.6,7.1,5.3,13.8,1.4,1.9,11.7,15.5,,0.7,0.3,1.0,.075,,0.0,-0.8,-0.8,0.2
216,Solomon Hill\hillso01,SF,26,NOP,7,104,9.9,.468,.538,.154,2.2,12.2,7.3,19.9,1.4,0.0,6.7,12.4,,0.1,0.1,0.2,.075,,-1.3,-1.5,-2.8,0.0
217,Darrun Hilliard\hillida01,SG,24,SAS,14,95,3.4,.362,.316,.368,0.0,8.2,4.1,15.3,1.1,0.0,15.3,12.3,,-0.1,0.1,0.0,-0.013,,-6.2,-1.2,-7.4,-0.1
218,Jrue Holiday\holidjr01,SG,27,NOP,76,2759,17.4,.566,.287,.192,2.3,11.0,6.8,24.4,1.9,1.6,13.6,23.2,,3.6,2.5,6.1,.106,,1.6,0.1,1.7,2.6
219,Justin Holiday\holidju01,SG,28,CHI,69,2180,10.9,.518,.574,.211,1.5,12.6,6.8,9.9,1.7,1.3,9.8,18.0,,0.4,1.6,1.9,.043,,-0.9,-0.2,-1.1,0.5
220,John Holland\hollajo02,SF,29,CLE,22,136,4.8,.387,.650,.150,3.3,12.2,7.8,3.9,2.2,1.3,10.5,15.5,,-0.2,0.1,-0.1,-0.049,,-5.0,-1.5,-6.5,-0.2
221,Rondae Hollis-Jefferson\holliro01,SF,23,BRK,64,1811,17.3,.550,.074,.436,5.8,19.8,12.7,14.2,1.6,1.7,11.5,22.6,,2.3,1.8,4.1,.108,,-1.1,0.9,-0.2,0.8
222,Richaun Holmes\holmeri01,C,24,PHI,43,650,16.4,.556,.147,.237,9.0,22.1,15.8,12.5,1.1,3.3,8.6,16.8,,1.2,1.1,2.3,.167,,-0.8,1.8,1.0,0.5
223,Rodney Hood\hoodro01,SG,25,TOT,58,1576,14.3,.545,.447,.162,1.6,9.8,5.8,9.7,1.4,0.6,8.1,24.6,,1.1,1.4,2.5,.077,,0.2,-2.2,-2.1,0.0
223,Rodney Hood\hoodro01,SG,25,UTA,39,1084,15.2,.551,.475,.176,1.5,10.1,5.8,10.4,1.4,0.6,9.6,27.4,,0.6,1.2,1.9,.082,,0.5,-2.2,-1.7,0.1
223,Rodney Hood\hoodro01,SG,25,CLE,19,492,12.5,.530,.368,.121,1.8,9.2,5.6,8.2,1.3,0.9,3.4,18.7,,0.5,0.2,0.7,.067,,-0.5,-2.4,-2.9,-0.1
224,Scotty Hopson\hopsosc01,SG,28,DAL,1,8,-4.6,.266,.000,2.000,0.0,0.0,0.0,15.8,0.0,0.0,34.7,16.4,,0.0,0.0,0.0,-0.237,,-14.8,-5.9,-20.7,0.0
225,Al Horford\horfoal01,C,31,BOS,69,2188,17.5,.578,.300,.149,4.8,20.2,12.7,24.1,0.9,2.9,14.5,18.3,,3.8,3.7,7.5,.165,,1.1,3.0,4.1,3.4
226,Danuel House\houseda01,SG,24,PHO,20,283,12.7,.542,.467,.267,4.1,17.7,10.8,8.5,1.0,1.1,8.2,16.4,,0.3,0.1,0.4,.073,,-1.2,-1.7,-2.9,-0.1
227,Dwight Howard\howardw01,C,32,CHO,78,2384,20.5,.578,.008,.642,10.9,33.4,21.9,7.1,1.0,4.5,15.2,24.3,,2.7,3.7,6.4,.130,,-2.0,1.7,-0.3,1.0
228,Josh Huestis\huestjo01,PF,26,OKC,67,979,5.3,.413,.628,.111,4.6,14.0,9.1,2.7,0.8,4.0,12.1,9.4,,-0.5,1.0,0.5,.023,,-4.7,0.7,-3.9,-0.5
229,RJ Hunter\hunterj01,SG,24,HOU,4,15,-4.4,.000,.750,.000,0.0,7.5,3.8,16.5,3.3,0.0,0.0,11.8,,-0.1,0.0,0.0,-0.156,,-9.5,-0.3,-9.7,0.0
230,Vincent Hunter\huntevi01,PF,23,MEM,4,7,35.9,.600,.000,.000,32.4,16.9,24.8,0.0,0.0,13.4,16.7,38.6,,0.0,0.0,0.0,.100,,-3.1,-5.8,-9.0,0.0
231,Serge Ibaka\ibakase01,PF,28,TOR,72,1981,14.4,.569,.382,.157,4.3,21.2,12.9,4.3,0.7,3.7,9.7,19.4,,1.9,2.7,4.6,.112,,-1.0,0.4,-0.5,0.7
232,Andre Iguodala\iguodan01,SF,34,GSW,63,1601,11.2,.539,.360,.277,3.8,12.5,8.5,16.0,1.6,1.9,16.0,11.5,,1.6,1.7,3.3,.098,,-0.7,1.0,0.4,1.0
233,Ersan Ilyasova\ilyaser01,PF,30,TOT,64,1594,14.7,.562,.415,.211,7.4,17.5,12.5,7.6,1.8,1.2,9.8,18.3,,1.9,1.7,3.6,.109,,0.1,-0.2,-0.1,0.8
233,Ersan Ilyasova\ilyaser01,PF,30,ATL,46,1175,15.1,.569,.424,.224,7.1,16.9,12.0,6.8,1.8,1.2,8.9,18.0,,1.6,1.0,2.6,.106,,0.4,-0.3,0.0,0.6
233,Ersan Ilyasova\ilyaser01,PF,30,PHI,18,419,13.6,.543,.392,.176,8.3,19.4,14.0,9.9,1.6,1.2,12.2,19.2,,0.4,0.6,1.0,.115,,-0.6,0.3,-0.3,0.2
234,Joe Ingles\inglejo01,SF,30,UTA,78,2461,14.3,.622,.652,.115,1.1,14.1,7.7,22.4,1.8,0.6,17.3,16.0,,3.7,3.3,7.0,.137,,2.0,0.9,2.9,3.1
235,Brandon Ingram\ingrabr01,SF,20,LAL,59,1975,13.8,.536,.138,.371,3.1,13.8,8.5,17.6,1.1,1.8,14.4,22.2,,1.0,1.8,2.8,.068,,-1.6,0.3,-1.3,0.3
236,Kyrie Irving\irvinky01,PG,25,BOS,60,1931,25.0,.610,.374,.240,1.9,10.9,6.5,30.7,1.7,0.7,10.4,31.1,,6.3,2.7,9.0,.224,,7.0,-0.6,6.4,4.1
237,Jonathan Isaac\isaacjo01,PF,20,ORL,27,536,9.8,.465,.317,.172,3.3,17.2,10.2,4.8,3.0,4.5,14.8,15.0,,-0.6,0.8,0.2,.022,,-4.9,3.1,-1.8,0.0
238,Wes Iwundu\iwundwe01,SF,23,ORL,57,870,8.0,.476,.199,.204,3.9,11.6,7.7,8.0,1.7,0.9,11.4,11.6,,0.0,0.6,0.6,.034,,-3.8,0.3,-3.5,-0.3
239,Jarrett Jack\jackja01,PG,34,NYK,58,1483,11.2,.487,.193,.167,1.5,11.9,6.7,31.3,1.2,0.2,19.9,16.5,,0.3,0.7,1.0,.032,,-2.0,-1.6,-3.6,-0.6
240,Demetrius Jackson\jacksde01,PG,23,TOT,15,80,5.4,.424,.389,.111,7.1,9.8,8.4,16.0,3.1,1.1,34.6,15.8,,-0.2,0.1,-0.1,-0.047,,-6.4,0.9,-5.4,-0.1
240,Demetrius Jackson\jacksde01,PG,23,HOU,12,63,0.2,.286,.429,.000,7.2,12.5,9.9,10.7,3.1,1.3,39.1,16.1,,-0.3,0.1,-0.2,-0.140,,-9.4,2.3,-7.2,-0.1
240,Demetrius Jackson\jacksde01,PG,23,PHI,3,17,24.6,.820,.250,.500,6.6,0.0,3.2,35.6,2.8,0.0,17.0,14.8,,0.1,0.0,0.1,.298,,5.0,-4.0,1.0,0.0
241,Josh Jackson\jacksjo02,SF,20,PHO,76,1929,11.8,.482,.235,.296,4.8,14.2,9.4,10.2,1.9,1.4,12.2,25.7,,-1.8,1.2,-0.6,-0.016,,-3.1,-1.3,-4.3,-1.1
242,Justin Jackson\jacksju01,SF,22,SAC,65,1413,9.8,.530,.429,.090,2.1,12.9,7.2,7.3,1.0,0.8,8.4,14.4,,0.6,0.5,1.0,.036,,-1.8,-1.5,-3.4,-0.5
243,Reggie Jackson\jacksre01,PG,27,DET,40,1063,15.7,.522,.296,.224,2.7,9.0,5.8,31.8,1.1,0.2,14.3,27.4,,0.8,0.8,1.6,.073,,0.7,-2.2,-1.5,0.1
244,LeBron James\jamesle01,PF,33,CLE,78,2898,28.5,.620,.254,.330,3.6,22.3,13.1,44.0,1.9,2.1,15.9,31.4,,10.4,3.0,13.4,.222,,7.5,2.2,9.7,8.6
245,Mike James\jamesmi02,PG,27,TOT,36,687,13.9,.469,.305,.262,2.0,12.2,7.0,29.5,2.0,0.8,12.0,25.1,,-0.1,0.3,0.2,.016,,-0.8,-1.8,-2.7,-0.1
245,Mike James\jamesmi02,PG,27,PHO,32,669,14.2,.476,.311,.269,1.9,12.6,7.1,29.1,1.9,0.8,12.1,25.1,,0.0,0.3,0.3,.021,,-0.7,-1.7,-2.4,-0.1
245,Mike James\jamesmi02,PG,27,NOP,4,18,3.5,.222,.111,.000,6.2,0.0,3.0,43.9,2.7,0.0,10.0,24.1,,-0.1,0.0,-0.1,-0.150,,-7.7,-4.7,-12.4,0.0
246,Al Jefferson\jeffeal01,C,33,IND,34,462,19.9,.557,.005,.163,7.4,25.3,16.4,10.1,1.7,4.4,8.7,22.2,,0.7,0.8,1.5,.154,,-1.8,1.4,-0.5,0.2
247,Richard Jefferson\jefferi01,SF,37,DEN,20,163,6.3,.499,.259,.259,1.4,10.4,5.9,12.0,0.6,0.5,14.3,9.3,,0.1,0.0,0.1,.028,,-3.8,-2.1,-5.9,-0.2
248,Brandon Jennings\jennibr01,PG,28,MIL,11,156,14.0,.510,.520,.180,2.3,13.5,7.9,30.3,1.6,2.2,18.2,19.2,,0.1,0.1,0.2,.066,,-1.1,-1.8,-2.9,0.0
249,Jonas Jerebko\jerebjo01,PF,30,UTA,70,1069,13.0,.573,.450,.171,5.5,19.5,12.6,5.9,1.1,0.9,6.5,15.6,,1.6,1.5,3.1,.138,,-0.6,-0.3,-0.9,0.3
250,Amir Johnson\johnsam01,C,30,PHI,69,1065,14.3,.565,.123,.357,11.8,18.1,15.0,13.3,1.9,3.4,16.5,12.6,,1.7,1.9,3.5,.160,,-0.6,3.3,2.8,1.3
251,Brice Johnson\johnsbr02,PF,23,TOT,18,98,18.2,.486,.024,.119,10.4,25.4,17.9,3.4,4.5,5.5,10.2,22.3,,0.0,0.2,0.2,.085,,-4.9,2.2,-2.7,0.0
251,Brice Johnson\johnsbr02,PF,23,LAC,9,38,21.3,.673,.091,.182,5.9,31.2,18.8,4.0,7.7,4.4,25.2,18.1,,0.0,0.1,0.1,.172,,-2.6,6.5,3.9,0.1
251,Brice Johnson\johnsbr02,PF,23,MEM,9,60,16.2,.418,.000,.097,13.2,21.7,17.4,3.1,2.5,6.3,3.0,25.0,,-0.1,0.1,0.0,.030,,-6.3,-0.6,-6.9,-0.1
252,Dakari Johnson\johnsda04,C,22,OKC,29,159,16.6,.575,.000,.513,10.8,13.0,11.8,7.3,1.9,4.6,5.9,13.7,,0.4,0.2,0.6,.180,,-0.9,1.3,0.5,0.1
253,James Johnson\johnsja01,PF,30,MIA,70,1873,15.9,.575,.308,.260,3.6,17.3,10.4,22.7,1.9,2.2,17.1,19.0,,2.2,2.7,4.9,.125,,0.1,1.9,2.0,1.9
254,Joe Johnson\johnsjo02,SF,36,TOT,51,1129,8.4,.494,.404,.124,1.4,14.7,8.1,10.2,0.8,0.5,11.6,16.0,,-0.2,1.2,0.9,.040,,-3.3,-0.4,-3.7,-0.5
254,Joe Johnson\johnsjo02,SF,36,UTA,32,700,9.0,.492,.372,.106,2.0,15.3,8.7,9.8,0.9,0.7,11.6,17.2,,-0.3,0.8,0.6,.038,,-3.3,-0.2,-3.5,-0.3
254,Joe Johnson\johnsjo02,SF,36,HOU,19,429,7.3,.496,.469,.159,0.5,13.6,7.1,10.9,0.7,0.2,11.7,14.1,,0.0,0.4,0.4,.044,,-3.2,-0.9,-4.1,-0.2
255,Stanley Johnson\johnsst04,SF,21,DET,64,1739,8.9,.480,.417,.262,1.8,13.2,7.4,8.0,2.5,0.7,10.9,16.2,,-0.5,2.3,1.8,.049,,-2.7,1.2,-1.5,0.2
256,Tyler Johnson\johnsty01,PG,25,MIA,68,1941,13.1,.553,.464,.189,1.8,11.6,6.7,12.4,1.4,1.4,9.3,18.6,,2.0,2.1,4.1,.101,,0.0,-0.2,-0.2,0.9
257,Wesley Johnson\johnswe01,SF,30,LAC,70,1422,9.8,.512,.484,.157,2.1,14.0,8.1,5.3,2.5,3.6,12.6,13.0,,-0.1,1.8,1.7,.056,,-2.2,2.5,0.3,0.8
258,Nikola Jokic\jokicni01,C,22,DEN,71,2288,24.4,.607,.279,.317,9.2,27.7,18.4,29.2,1.8,2.1,15.8,24.1,,7.3,2.6,9.9,.208,,4.8,2.1,6.9,5.1
259,Damian Jones\jonesda03,C,22,GSW,11,54,10.7,.765,.000,.400,9.0,11.6,10.4,0.0,0.0,2.9,20.3,12.0,,0.1,0.0,0.1,.102,,-2.6,-3.8,-6.4,-0.1
260,Derrick Jones Jr.\jonesde02,SF,20,TOT,18,233,9.1,.457,.340,.426,9.1,7.2,8.2,4.7,0.9,4.7,9.7,11.8,,0.1,0.2,0.3,.064,,-3.1,1.1,-2.0,0.0
260,Derrick Jones\jonesde02,SF,20,PHO,6,33,18.4,.678,.500,1.500,6.4,6.6,6.5,12.3,1.5,9.8,13.1,9.8,,0.1,0.0,0.1,.177,,0.1,3.7,3.8,0.0
260,Derrick Jones\jonesde02,SF,20,MIA,12,200,7.5,.427,.326,.326,9.6,7.3,8.5,3.5,0.8,3.8,9.2,12.2,,0.0,0.2,0.2,.045,,-3.6,0.7,-2.9,0.0
261,Jalen Jones\jonesja04,SF,24,TOT,13,107,9.8,.493,.306,.222,8.1,16.9,12.4,2.9,0.9,0.0,7.1,18.0,,0.0,0.1,0.1,.047,,-3.9,-3.3,-7.2,-0.1
261,Jalen Jones\jonesja04,SF,24,NOP,4,19,5.1,.512,.250,.500,0.0,16.6,8.6,0.0,0.0,0.0,0.0,11.1,,0.0,0.0,0.0,.052,,-6.1,-4.8,-10.9,0.0
261,Jalen Jones\jonesja04,SF,24,DAL,9,88,10.8,.491,.313,.188,9.8,16.9,13.3,3.5,1.1,0.0,8.0,19.5,,0.0,0.1,0.1,.046,,-3.4,-3.0,-6.4,-0.1
262,Tyus Jones\jonesty01,PG,21,MIN,78,1404,14.1,.574,.372,.247,1.3,9.4,5.3,20.9,3.2,0.4,13.9,12.7,,2.3,1.1,3.4,.116,,0.8,-0.3,0.5,0.9
263,DeAndre Jordan\jordade01,C,29,LAC,73,2321,20.2,.651,.000,.541,15.0,37.6,26.5,7.1,0.8,2.5,16.3,15.2,,5.8,3.5,9.2,.191,,0.5,1.8,2.3,2.5
264,Cory Joseph\josepco01,PG,26,IND,78,2108,11.2,.505,.315,.161,2.1,11.6,6.9,15.9,1.8,0.7,11.2,14.6,,1.3,1.9,3.3,.074,,-1.1,0.1,-1.0,0.6
265,Frank Kaminsky\kaminfr01,PF,24,CHO,76,1755,14.0,.542,.380,.281,2.7,14.4,8.4,10.8,1.0,0.9,7.9,20.3,,2.0,1.3,3.2,.089,,0.0,-1.2,-1.2,0.4
266,Enes Kanter\kanteen01,C,25,NYK,71,1830,24.0,.630,.003,.258,16.6,30.6,23.7,9.5,1.0,1.8,13.3,21.8,,5.5,2.1,7.6,.198,,2.5,0.1,2.6,2.1
267,Luke Kennard\kennalu01,SG,21,DET,68,1314,11.6,.549,.425,.153,1.6,11.3,6.4,12.3,1.5,0.9,12.4,16.9,,0.8,1.3,2.1,.078,,-1.4,-0.3,-1.8,0.1
268,Michael Kidd-Gilchrist\kiddgmi01,SF,24,CHO,71,1778,12.6,.534,.004,.296,4.9,13.2,9.0,6.0,1.3,1.5,7.6,16.4,,1.6,1.5,3.1,.083,,-2.1,0.3,-1.8,0.1
269,Sean Kilpatrick\kilpase01,SG,28,TOT,48,537,9.6,.477,.498,.239,0.6,14.9,7.7,11.5,0.8,0.6,10.3,24.5,,-0.5,0.3,-0.2,-0.018,,-3.6,-3.8,-7.5,-0.7
269,Sean Kilpatrick\kilpase01,SG,28,BRK,16,183,5.2,.419,.488,.221,0.6,20.0,10.1,12.6,0.5,0.4,14.5,26.1,,-0.5,0.1,-0.4,-0.111,,-6.9,-3.1,-10.0,-0.4
269,Sean Kilpatrick\kilpase01,SG,28,MIL,23,205,11.3,.515,.561,.232,0.6,13.7,7.2,10.9,1.2,0.4,9.1,22.0,,0.0,0.1,0.1,.034,,-2.0,-4.2,-6.2,-0.2
269,Sean Kilpatrick\kilpase01,SG,28,LAC,4,38,10.5,.503,.389,.111,0.0,5.7,2.9,12.1,0.0,0.0,5.0,22.6,,0.0,0.0,0.0,.031,,-2.0,-5.8,-7.8,-0.1
269,Sean Kilpatrick\kilpase01,SG,28,CHI,5,111,13.3,.501,.456,.316,0.9,12.0,6.3,10.3,0.9,1.6,7.2,27.4,,0.0,0.1,0.1,.022,,-1.9,-3.7,-5.6,-0.1
270,Maxi Kleber\klebima01,PF,26,DAL,68,1144,12.5,.556,.407,.207,6.3,14.5,10.3,6.0,1.1,3.4,8.0,13.4,,1.3,1.2,2.5,.104,,-1.5,1.2,-0.2,0.5
271,Furkan Korkmaz\korkmfu01,SG,20,PHI,12,69,6.5,.446,.625,.167,3.2,13.6,8.6,6.0,1.4,1.2,7.2,17.2,,0.0,0.1,0.1,.035,,-3.7,-1.6,-5.3,-0.1
272,Luke Kornet\kornelu01,PF,22,NYK,16,239,11.5,.436,.678,.044,4.7,18.0,11.4,11.2,1.0,4.0,4.2,17.5,,0.0,0.2,0.2,.047,,-0.8,0.1,-0.7,0.1
273,Kyle Korver\korveky01,SG,36,CLE,70,1516,13.5,.651,.779,.149,0.7,10.8,5.8,8.0,0.9,1.5,9.1,16.1,,2.8,0.6,3.4,.107,,2.2,-2.2,0.1,0.8
274,Kosta Koufos\koufoko01,C,28,SAC,71,1391,17.5,.566,.000,.190,11.7,27.8,19.3,9.7,1.7,2.2,10.4,15.2,,2.3,1.5,3.8,.132,,-0.9,1.2,0.4,0.8
275,Kyle Kuzma\kuzmaky01,PF,22,LAL,75,2339,14.3,.550,.419,.202,4.0,17.6,10.8,9.3,1.0,1.1,10.8,22.3,,1.7,2.2,3.9,.080,,-0.2,-1.0,-1.2,0.5
276,Mindaugas Kuzminskas\kuzmimi01,SF,28,NYK,1,2,-41.1,.000,.000,.000,0.0,0.0,0.0,0.0,0.0,0.0,0.0,43.6,,0.0,0.0,0.0,-1.063,,-36.5,-12.7,-49.2,0.0
277,Skal Labissiere\labissk01,PF,21,SAC,60,1240,14.3,.513,.111,.258,8.7,18.2,13.2,9.1,1.0,3.7,12.5,21.1,,0.4,0.9,1.3,.051,,-2.7,0.0,-2.7,-0.2
278,Jeremy Lamb\lambje01,SG,25,CHO,77,1901,17.0,.557,.307,.255,2.7,15.7,9.1,15.4,1.5,1.4,9.2,22.6,,2.8,1.8,4.7,.118,,1.1,-0.2,0.8,1.4
279,Shane Larkin\larkish01,PG,25,BOS,50,686,10.2,.506,.387,.170,2.0,10.1,6.1,16.2,1.8,0.2,12.2,15.5,,0.3,0.9,1.3,.089,,-2.3,0.0,-2.4,-0.1
280,Joffrey Lauvergne\lauvejo01,C,26,SAS,52,523,16.5,.542,.027,.242,13.1,22.7,17.9,11.6,0.9,0.5,13.8,20.4,,0.6,0.7,1.3,.123,,-1.5,-0.1,-1.6,0.1
281,Zach LaVine\lavinza01,SG,22,CHI,24,656,14.6,.499,.346,.301,1.4,14.4,7.7,18.6,1.8,0.5,9.7,29.5,,-0.1,0.5,0.4,.027,,-0.7,-2.0,-2.6,-0.1
282,Jake Layman\laymaja01,SF,23,POR,33,155,3.8,.331,.432,.068,2.9,7.0,4.9,8.7,1.9,2.1,9.9,14.3,,-0.3,0.2,-0.1,-0.036,,-5.8,0.3,-5.5,-0.1
283,TJ Leaf\leaftj01,PF,20,IND,50,428,10.5,.554,.322,.099,6.9,13.4,10.2,2.6,0.6,0.8,7.3,14.2,,0.5,0.3,0.7,.084,,-1.9,-2.7,-4.7,-0.3
284,Courtney Lee\leeco01,SG,32,NYK,73,2226,12.9,.560,.366,.171,1.4,9.1,5.3,11.4,1.8,0.6,9.6,16.9,,2.5,1.2,3.7,.079,,0.7,-0.7,0.0,1.1
285,Damion Lee\leeda03,SG,25,ATL,11,298,12.7,.489,.406,.226,2.6,16.1,9.4,11.8,2.6,0.3,6.4,18.3,,0.1,0.3,0.4,.065,,-1.4,0.0,-1.4,0.0
286,Walter Lemon Jr.\lemonwa01,PG,25,NOP,5,35,7.0,.491,.063,.188,0.0,6.0,3.1,21.3,0.0,2.3,18.8,26.4,,-0.1,0.0,-0.1,-0.074,,-7.4,-4.3,-11.7,-0.1
287,Alex Len\lenal01,C,24,PHO,66,1324,19.4,.615,.003,.638,13.4,27.2,20.1,8.5,1.0,3.7,14.2,16.6,,3.0,1.2,4.3,.155,,-0.4,1.3,0.8,0.9
288,Kawhi Leonard\leonaka01,SF,26,SAS,9,210,26.0,.572,.315,.342,3.2,19.1,11.1,17.7,4.3,3.6,11.1,30.6,,0.3,0.5,0.9,.198,,2.7,3.2,5.9,0.4
289,Meyers Leonard\leoname01,C,25,POR,30,237,16.8,.661,.333,.139,5.1,24.2,14.8,10.6,1.3,0.0,11.6,16.0,,0.6,0.3,0.9,.181,,0.6,-0.3,0.3,0.1
290,Jon Leuer\leuerjo01,PF,28,DET,8,136,9.0,.505,.083,.417,5.5,20.7,13.0,5.3,0.4,2.0,14.1,16.1,,0.0,0.1,0.1,.052,,-5.6,-0.3,-5.9,-0.1
291,Caris LeVert\leverca01,SF,23,BRK,68,1781,14.2,.523,.335,.258,3.1,12.1,7.6,26.0,2.0,0.9,15.6,22.6,,0.7,1.4,2.1,.056,,-0.3,-0.3,-0.5,0.7
292,DeAndre Liggins\liggide01,SG,29,TOT,54,707,6.3,.489,.515,.050,1.2,10.9,6.1,8.2,2.6,1.7,16.2,7.8,,-0.1,0.7,0.6,.038,,-3.2,1.2,-2.0,0.0
292,DeAndre Liggins\liggide01,SG,29,MIL,31,480,5.0,.424,.554,.077,1.2,10.8,6.0,7.3,2.8,1.8,16.2,7.6,,-0.3,0.5,0.2,.020,,-3.7,1.4,-2.3,0.0
292,DeAndre Liggins\liggide01,SG,29,NOP,23,227,9.0,.611,.444,.000,1.0,11.1,6.2,10.0,2.1,1.4,16.3,8.2,,0.2,0.2,0.4,.078,,-2.1,0.8,-1.3,0.0
293,Damian Lillard\lillada01,PG,27,POR,70,2558,25.1,.594,.444,.383,2.6,10.9,6.8,30.9,1.5,0.9,11.1,30.4,,9.5,2.6,12.1,.227,,7.6,-0.8,6.8,5.7
294,Jeremy Lin\linje01,PG,29,BRK,1,25,16.0,.597,.167,.583,0.0,0.0,0.0,27.3,0.0,0.0,16.6,31.3,,0.0,0.0,0.0,.086,,-3.0,-10.4,-13.4,-0.1
295,Shaun Livingston\livinsh01,PG,32,GSW,68,1081,11.6,.539,.012,.176,3.6,8.9,6.4,16.5,1.5,1.5,13.8,16.5,,0.9,1.0,1.8,.082,,-2.5,-0.8,-3.3,-0.4
296,Kevon Looney\looneke01,C,21,GSW,62,819,14.4,.581,.024,.455,10.9,15.4,13.3,6.1,1.8,4.9,12.6,12.3,,1.2,1.2,2.5,.144,,-1.1,2.2,1.1,0.7
297,Brook Lopez\lopezbr01,C,29,LAL,69,1635,16.7,.558,.408,.199,4.7,13.0,8.9,11.8,0.9,4.8,10.3,23.5,,1.8,1.8,3.6,.107,,0.4,0.3,0.7,1.1
298,Robin Lopez\lopezro01,C,29,CHI,64,1690,14.7,.552,.022,.140,8.2,10.2,9.2,12.3,0.4,2.8,13.5,20.4,,1.2,0.8,2.0,.057,,-1.7,-0.2,-1.9,0.1
299,Kevin Love\loveke01,C,29,CLE,56,1556,22.3,.608,.441,.367,7.2,30.3,18.9,9.6,1.3,1.3,9.6,25.3,,4.3,1.6,5.9,.182,,2.4,-1.4,1.0,1.2
300,Kyle Lowry\lowryky01,PG,31,TOR,73,2354,19.6,.601,.630,.284,3.1,16.1,9.7,30.5,1.7,0.5,14.5,21.6,,6.8,2.8,9.6,.195,,5.5,0.3,5.8,4.6
301,Timothe Luwawu-Cabarrot\luwawti01,SF,22,PHI,52,807,7.1,.511,.592,.217,1.9,7.5,4.8,9.4,0.7,0.5,11.5,17.5,,0.1,0.7,0.8,.046,,-2.3,-2.4,-4.6,-0.5
302,Tyler Lydon\lydonty01,PF,21,DEN,1,2,0.0,,,,0.0,0.0,0.0,0.0,0.0,0.0,,0.0,,0.0,0.0,0.0,-0.015,,-5.6,-0.9,-6.5,0.0
303,Trey Lyles\lylestr01,PF,22,DEN,70,1366,18.0,.589,.398,.267,4.5,23.8,14.2,10.1,1.1,2.1,9.0,21.2,,2.6,1.2,3.8,.133,,0.6,-1.4,-0.8,0.4
304,Shelvin Mack\macksh01,PG,27,ORL,64,1256,13.5,.523,.332,.232,1.9,11.9,6.9,28.8,2.0,0.5,16.6,17.5,,0.9,0.9,1.9,.072,,-1.1,-1.0,-2.1,0.0
305,Josh Magette\magetjo01,PG,28,ATL,17,197,11.6,.450,.500,.190,1.1,9.1,5.1,38.4,1.7,0.0,16.5,12.1,,0.3,0.1,0.3,.085,,-2.5,-3.5,-6.0,-0.2
306,Ian Mahinmi\mahinia01,C,31,WAS,74,1096,12.9,.614,.008,.523,13.7,17.0,15.4,6.9,1.7,3.2,24.4,15.6,,1.0,1.4,2.4,.104,,-1.7,1.7,-0.1,0.5
307,Thon Maker\makerth01,C,20,MIL,71,1205,10.5,.502,.326,.293,7.3,14.4,10.9,5.3,1.6,3.7,10.8,14.6,,0.4,1.1,1.5,.061,,-2.5,0.1,-2.4,-0.1
308,Boban Marjanovic\marjabo01,C,29,TOT,35,286,25.1,.611,.000,.621,13.9,29.8,21.7,12.5,1.5,3.3,16.0,28.8,,0.8,0.5,1.2,.209,,-0.5,0.6,0.1,0.2
308,Boban Marjanovic\marjabo01,C,29,DET,19,171,21.6,.597,.000,.570,9.5,27.7,18.4,14.4,1.2,3.1,18.2,31.2,,0.2,0.3,0.5,.140,,-2.5,0.5,-2.0,0.0
308,Boban Marjanovic\marjabo01,C,29,LAC,16,115,30.2,.635,.000,.711,20.4,32.9,26.7,9.7,2.1,3.6,11.9,25.2,,0.5,0.2,0.7,.311,,2.5,0.8,3.2,0.2
309,Lauri Markkanen\markkla01,PF,20,CHI,65,1949,15.3,.551,.466,.188,3.9,23.6,13.4,6.2,0.9,1.8,8.1,21.7,,1.5,1.6,3.2,.078,,-0.7,-1.2,-1.9,0.0
310,Jarell Martin\martija01,PF,23,MEM,72,1638,10.4,.512,.197,.234,6.6,15.7,11.1,7.0,1.2,2.8,13.7,17.1,,0.0,1.3,1.3,.038,,-3.2,0.1,-3.1,-0.5
311,Frank Mason\masonfr01,PG,23,SAC,51,972,13.1,.479,.224,.301,3.4,12.1,7.5,22.8,1.8,1.0,12.7,22.5,,0.0,0.5,0.6,.028,,-1.8,-1.5,-3.3,-0.3
312,Mangok Mathiang\mathima01,C,25,CHO,4,20,18.1,.538,.000,.143,15.9,38.7,27.1,0.0,2.4,0.0,0.0,16.1,,0.0,0.0,0.1,.181,,-4.2,-5.8,-10.0,0.0
313,Wesley Matthews\matthwe02,SF,31,DAL,63,2131,11.4,.541,.577,.145,1.4,9.1,5.2,12.3,1.8,0.7,10.1,17.6,,1.0,1.7,2.7,.061,,0.2,-0.1,0.2,1.2
314,Luc Mbah a Moute\mbahalu01,PF,31,HOU,58,1507,10.1,.601,.506,.271,1.6,11.8,6.7,5.1,2.1,1.4,15.6,12.7,,0.8,1.9,2.6,.084,,-1.4,1.3,-0.1,0.7
315,James Michael McAdoo\mcadoja01,PF,25,PHI,3,18,7.5,.508,1.000,.286,0.0,11.6,6.0,0.0,0.0,4.6,11.3,21.1,,0.0,0.0,0.0,.023,,-4.3,-4.4,-8.7,0.0
316,Patrick McCaw\mccawpa01,SG,22,GSW,57,961,7.4,.477,.356,.151,2.0,7.1,4.8,10.6,2.2,0.8,14.6,12.8,,-0.3,0.9,0.6,.032,,-2.9,-0.4,-3.3,-0.3
317,CJ McCollum\mccolcj01,SG,26,POR,77,2780,17.3,.544,.319,.168,1.9,9.9,5.9,16.0,1.3,1.0,8.5,26.4,,4.0,2.7,6.7,.115,,1.7,-1.1,0.6,1.9
318,TJ McConnell\mccontj01,PG,25,PHI,71,1638,12.3,.548,.147,.097,2.4,11.5,7.1,24.6,2.6,0.6,21.0,13.8,,1.2,2.4,3.6,.105,,-1.9,1.2,-0.7,0.5
319,Erik McCree\mccreer01,SF,24,UTA,4,8,-8.9,.000,.500,.000,0.0,14.1,7.1,0.0,6.3,0.0,33.3,16.9,,-0.1,0.0,-0.1,-0.338,,-17.3,2.4,-14.8,0.0
320,Chris McCullough\mcculch01,PF,22,WAS,19,90,15.8,.478,.190,.333,8.9,22.6,15.7,7.1,0.0,4.8,4.0,24.6,,0.1,0.1,0.2,.081,,-3.8,-1.9,-5.7,-0.1
321,Doug McDermott\mcderdo01,SF,26,TOT,78,1703,10.6,.584,.424,.163,2.6,10.2,6.4,6.6,0.6,0.8,9.4,14.9,,1.8,0.6,2.4,.067,,-0.5,-1.7,-2.2,-0.1
321,Doug McDermott\mcderdo01,SF,26,NYK,55,1172,9.9,.562,.418,.162,3.1,9.5,6.3,6.0,0.4,0.9,8.8,14.3,,1.1,0.3,1.4,.056,,-0.6,-1.9,-2.5,-0.1
321,Doug McDermott\mcderdo01,SF,26,DAL,23,531,12.2,.629,.437,.165,1.4,11.6,6.4,7.9,0.9,0.5,10.6,16.2,,0.7,0.3,1.0,.092,,-0.4,-1.2,-1.6,0.1
322,JaVale McGee\mcgeeja01,C,30,GSW,62,584,21.8,.634,.029,.233,10.8,18.5,14.9,8.1,1.6,7.6,9.2,18.8,,1.5,1.0,2.6,.212,,0.2,2.5,2.7,0.7
323,Rodney McGruder\mcgruro01,SG,26,MIA,14,237,11.1,.577,.466,.069,3.8,8.1,6.0,6.8,1.5,0.7,4.8,11.9,,0.3,0.2,0.5,.111,,-0.5,-0.6,-1.1,0.1
324,Trey McKinney-Jones\mckintr01,SG,27,IND,1,1,0.0,,,,0.0,0.0,0.0,0.0,0.0,0.0,,0.0,,0.0,0.0,0.0,-0.001,,-5.7,-0.1,-5.9,0.0
325,Alfonzo McKinnie\mckinal01,SF,25,TOR,13,49,9.2,.663,.615,.231,0.0,13.5,6.9,2.9,1.0,1.6,17.3,15.5,,0.0,0.1,0.1,.075,,-1.8,-1.5,-3.3,0.0
326,Ben McLemore\mclembe01,SG,24,MEM,51,941,9.4,.521,.421,.158,3.6,11.3,7.4,7.6,1.9,1.4,13.7,19.2,,-0.3,0.7,0.4,.020,,-2.4,-1.3,-3.7,-0.4
327,Josh McRoberts\mcrobjo01,PF,30,DAL,2,6,-12.5,.000,1.000,.000,0.0,0.0,0.0,0.0,0.0,0.0,0.0,7.6,,0.0,0.0,0.0,-0.190,,-9.8,-2.3,-12.1,0.0
328,Jodie Meeks\meeksjo01,SG,30,WAS,74,1087,12.3,.545,.528,.300,1.6,11.3,6.5,9.1,1.3,0.3,8.0,18.9,,1.1,0.7,1.9,.083,,-0.5,-2.4,-2.9,-0.3
329,Salah Mejri\mejrisa01,C,31,DAL,60,728,17.9,.644,.022,.482,12.6,25.3,18.8,7.2,1.5,8.2,18.6,12.7,,1.4,1.3,2.7,.180,,-2.1,5.4,3.3,1.0
330,Jordan Mickey\mickejo01,PF,23,MIA,22,277,10.4,.506,.179,.231,7.3,25.3,16.3,4.9,1.1,3.1,16.5,16.7,,-0.1,0.4,0.3,.053,,-5.6,0.6,-5.0,-0.2
331,Khris Middleton\middlkh01,SF,26,MIL,78,2857,17.4,.579,.327,.282,1.7,15.2,8.5,17.6,2.0,0.6,11.8,24.5,,4.4,2.2,6.6,.111,,1.6,-1.2,0.4,1.7
332,CJ Miles\milescj01,SF,30,TOR,65,1236,13.4,.554,.764,.156,1.7,10.9,6.4,5.6,1.4,1.2,5.8,22.1,,1.5,1.3,2.8,.107,,2.0,-2.4,-0.4,0.5
333,Darius Miller\milleda01,SF,27,NOP,77,1823,9.4,.622,.746,.134,1.0,7.9,4.6,7.7,0.6,0.7,10.1,12.8,,2.1,0.7,2.8,.075,,0.7,-1.7,-1.1,0.4
334,Malcolm Miller\millema01,SF,24,TOR,15,126,8.9,.638,.750,.143,3.6,9.7,6.7,3.2,0.4,1.3,14.4,12.1,,0.1,0.1,0.2,.084,,-0.5,-1.6,-2.1,0.0
335,Patty Mills\millspa02,PG,29,SAS,78,1982,12.2,.564,.612,.182,1.3,7.0,4.1,16.1,1.4,0.5,12.6,17.7,,2.1,2.1,4.2,.101,,1.0,-1.1,-0.1,1.0
336,Paul Millsap\millspa01,PF,32,DEN,34,1008,18.2,.564,.258,.360,6.3,18.3,12.3,14.6,1.9,3.3,12.9,22.4,,1.5,1.0,2.5,.120,,0.6,0.8,1.4,0.9
337,Nikola Mirotic\mirotni01,PF,26,TOT,50,1324,17.4,.559,.528,.211,4.1,24.1,14.1,8.8,1.4,2.2,8.0,23.3,,1.4,1.5,2.9,.106,,0.7,-0.7,0.0,0.7
337,Nikola Mirotic\mirotni01,PF,26,CHI,25,622,22.0,.624,.533,.262,3.0,25.1,13.7,11.0,1.2,1.9,8.4,25.7,,1.5,0.6,2.1,.160,,3.3,-1.3,1.9,0.6
337,Nikola Mirotic\mirotni01,PF,26,NOP,25,702,13.3,.491,.522,.159,5.1,23.1,14.4,6.8,1.6,2.5,7.6,21.1,,-0.1,0.9,0.9,.058,,-1.6,-0.2,-1.7,0.1
338,Donovan Mitchell\mitchdo01,SG,21,UTA,75,2512,16.5,.541,.407,.209,2.2,10.1,6.2,19.2,2.2,0.9,12.7,29.0,,1.2,3.5,4.7,.089,,1.2,-0.3,0.8,1.8
339,Naz Mitrou-Long\mitrona01,SG,24,UTA,1,1,134.1,1.500,1.000,.000,0.0,0.0,0.0,0.0,0.0,0.0,0.0,45.1,,0.1,0.0,0.1,2.713,,68.7,-14.3,54.4,0.0
340,Malik Monk\monkma01,SG,19,CHO,60,778,8.5,.457,.571,.071,1.1,8.1,4.5,15.4,1.1,0.9,10.3,24.2,,-0.9,0.5,-0.4,-0.027,,-2.1,-3.3,-5.3,-0.7
341,Greg Monroe\monrogr01,C,27,TOT,46,928,19.8,.581,.000,.283,11.6,25.3,18.4,16.6,2.0,1.8,17.9,22.3,,1.1,1.3,2.4,.127,,-0.8,1.9,1.1,0.7
341,Greg Monroe\monrogr01,C,27,MIL,5,79,11.1,.489,.000,.121,9.0,28.2,18.7,10.2,0.0,0.0,14.7,23.4,,-0.1,0.0,0.0,-0.013,,-6.1,-3.6,-9.7,-0.2
341,Greg Monroe\monrogr01,C,27,PHO,20,465,21.0,.642,.000,.297,11.3,25.8,18.4,18.3,1.6,1.0,18.6,19.6,,1.0,0.4,1.4,.142,,1.2,1.1,2.3,0.5
341,Greg Monroe\monrogr01,C,27,BOS,21,384,20.2,.539,.000,.304,12.5,24.2,18.4,15.9,2.9,3.1,17.9,25.4,,0.2,0.9,1.1,.137,,-2.0,4.0,2.0,0.4
342,Luis Montero\montelu01,SG,24,DET,2,8,-15.5,.000,.000,.000,0.0,28.2,13.8,0.0,0.0,0.0,66.7,16.6,,-0.1,0.0,-0.1,-0.443,,-23.8,-2.0,-25.8,0.0
343,Ben Moore\moorebe01,PF,22,IND,2,9,-2.3,,,,0.0,12.5,6.3,13.1,0.0,0.0,,0.0,,0.0,0.0,0.0,.073,,-5.3,0.2,-5.0,0.0
344,E'Twaun Moore\mooreet01,SG,28,NOP,77,2439,11.5,.581,.359,.079,2.5,7.6,5.1,9.9,1.4,0.4,10.8,16.1,,2.1,1.4,3.5,.069,,0.2,-0.9,-0.7,0.8
345,Eric Moreland\moreler01,PF,26,DET,62,706,13.1,.511,.000,.260,11.1,27.6,19.2,13.3,1.8,5.6,25.4,9.4,,0.5,1.4,1.9,.127,,-3.5,5.8,2.3,0.8
346,Jaylen Morris\morrija01,SG,22,ATL,6,98,6.9,.452,.290,.000,2.3,16.0,9.1,10.8,1.0,0.9,16.2,16.5,,-0.1,0.1,-0.1,-0.043,,-5.9,-1.0,-6.8,-0.1
347,Marcus Morris\morrima03,PF,28,BOS,51,1364,14.9,.545,.388,.249,3.5,18.8,11.3,8.1,1.2,0.7,8.3,22.8,,1.2,2.1,3.3,.117,,-0.8,-0.5,-1.3,0.3
348,Markieff Morris\morrima02,PF,28,WAS,69,1872,13.3,.573,.298,.181,4.3,19.3,11.8,10.8,1.4,1.8,15.2,19.3,,1.1,2.0,3.2,.081,,-1.0,0.6,-0.4,0.8
349,Monte Morris\morrimo01,PG,22,DEN,3,25,27.1,.727,.167,.333,0.0,9.0,4.5,41.1,5.9,0.0,12.7,13.7,,0.1,0.0,0.2,.310,,3.7,-1.7,2.0,0.0
350,Johnathan Motley\motlejo01,PF,22,DAL,7,49,19.5,.564,.050,.850,6.6,35.1,20.4,7.5,0.0,3.6,9.8,28.3,,0.0,0.1,0.1,.096,,-4.8,-1.8,-6.6,-0.1
351,Timofey Mozgov\mozgoti01,C,31,BRK,28,339,10.2,.589,.212,.294,8.7,18.7,13.6,3.6,0.7,2.4,24.4,16.2,,-0.1,0.3,0.2,.026,,-4.8,-0.6,-5.4,-0.3
352,Emmanuel Mudiay\mudiaem01,PG,21,TOT,63,1237,11.6,.476,.281,.246,2.4,11.3,6.8,24.6,1.6,0.8,16.2,24.4,,-0.7,0.7,0.0,.000,,-2.5,-2.2,-4.7,-0.8
352,Emmanuel Mudiay\mudiaem01,PG,21,DEN,42,752,12.3,.504,.317,.242,2.4,11.7,7.0,24.0,1.4,0.4,16.8,24.7,,0.0,0.3,0.3,.018,,-2.1,-3.0,-5.1,-0.6
352,Emmanuel Mudiay\mudiaem01,PG,21,NYK,21,485,10.6,.432,.223,.252,2.3,10.7,6.5,25.4,2.0,1.3,15.1,23.8,,-0.6,0.4,-0.3,-0.028,,-3.1,-0.9,-4.0,-0.2
353,Shabazz Muhammad\muhamsh01,SF-SG,25,TOT,41,385,14.4,.500,.147,.229,6.0,14.0,10.0,6.4,1.2,0.7,3.1,22.3,,0.3,0.2,0.5,.064,,-2.0,-3.8,-5.8,-0.4
353,Shabazz Muhammad\muhamsh01,SF,25,MIN,32,301,9.3,.446,.157,.256,5.7,11.7,8.7,3.4,0.8,0.6,3.6,20.5,,0.0,0.1,0.0,.005,,-4.2,-4.3,-8.4,-0.5
353,Shabazz Muhammad\muhamsh01,SG,25,MIL,9,84,32.6,.638,.122,.163,7.1,22.4,14.7,17.5,2.4,1.0,1.9,28.9,,0.4,0.1,0.5,.273,,5.7,-2.0,3.7,0.1
354,Xavier Munford\munfoxa02,SG,25,MIL,6,21,-2.1,.218,.333,.333,5.6,0.0,2.8,24.7,2.4,0.0,22.5,19.2,,-0.1,0.0,-0.1,-0.197,,-9.4,-4.4,-13.8,-0.1
355,Dejounte Murray\murrade01,PG,21,SAS,77,1632,14.6,.479,.058,.210,7.0,22.5,14.7,20.4,2.8,1.4,16.9,20.6,,-0.4,3.3,2.8,.083,,-2.5,3.5,1.0,1.3
356,Jamal Murray\murraja01,PG,20,DEN,77,2414,16.2,.577,.414,.238,3.6,9.7,6.6,16.3,1.6,0.9,13.0,22.9,,4.0,1.2,5.1,.102,,1.8,-2.1,-0.2,1.1
357,Mike Muscala\muscami01,C,26,ATL,49,964,15.1,.613,.521,.208,6.2,18.2,12.2,7.0,1.6,2.1,10.9,15.8,,1.6,0.9,2.4,.121,,0.4,0.2,0.6,0.6
358,Abdel Nader\naderab01,SF,24,BOS,43,458,6.0,.467,.473,.271,2.4,11.8,7.2,7.2,1.4,1.6,16.7,16.9,,-0.6,0.7,0.1,.008,,-5.1,0.3,-4.8,-0.3
359,Larry Nance Jr.\nancela02,C,25,TOT,62,1367,20.3,.613,.031,.338,12.3,21.6,17.0,8.8,3.0,2.1,10.0,15.8,,3.5,2.2,5.7,.200,,1.2,2.4,3.6,1.9
359,Larry Nance\nancela02,C,25,LAL,42,922,19.4,.618,.016,.344,12.5,20.3,16.4,9.1,3.1,1.8,12.3,15.3,,2.1,1.5,3.6,.190,,1.0,2.7,3.6,1.3
359,Larry Nance\nancela02,C,25,CLE,20,445,22.0,.605,.057,.329,11.8,24.5,18.2,8.2,3.0,2.9,5.3,16.9,,1.4,0.7,2.0,.221,,1.6,2.0,3.5,0.6
360,Shabazz Napier\napiesh01,PG,26,POR,70,1455,14.5,.553,.414,.268,1.8,9.9,5.9,15.1,2.7,0.8,13.8,19.5,,1.3,1.9,3.2,.105,,0.0,0.4,0.4,0.9
361,Jameer Nelson\nelsoja01,PG,35,TOT,50,1013,8.2,.489,.508,.082,1.4,9.5,5.6,23.0,1.3,0.3,21.0,13.7,,-0.1,0.6,0.5,.026,,-2.6,-1.5,-4.1,-0.5
361,Jameer Nelson\nelsoja01,PG,35,NOP,43,897,8.9,.520,.537,.083,1.4,10.0,5.8,22.4,1.2,0.3,20.9,13.0,,0.3,0.5,0.8,.043,,-2.0,-1.4,-3.4,-0.3
361,Jameer Nelson\nelsoja01,PG,35,DET,7,116,2.6,.322,.359,.077,1.9,5.8,3.8,27.8,1.7,0.8,21.4,19.6,,-0.4,0.1,-0.3,-0.106,,-7.5,-2.1,-9.6,-0.2
362,Raul Neto\netora01,PG,25,UTA,39,478,12.3,.554,.313,.224,1.7,9.4,5.6,23.2,1.2,0.7,16.5,18.3,,0.4,0.5,0.9,.094,,-1.7,-1.3,-3.1,-0.1
363,Georges Niang\niangge01,PF,24,UTA,7,18,15.0,.394,.375,.250,12.8,18.8,15.8,26.7,5.6,0.0,18.4,27.3,,0.0,0.0,0.0,.008,,-2.0,3.5,1.5,0.0
364,Joakim Noah\noahjo01,C,32,NYK,7,40,15.6,.510,.000,.400,16.7,22.1,19.4,14.0,2.5,4.3,25.4,17.2,,0.0,0.1,0.1,.071,,-2.3,3.3,1.0,0.0
365,Nerlens Noel\noelne01,C,23,DAL,30,472,16.2,.558,.010,.267,11.0,29.1,19.8,6.3,3.3,4.1,18.1,13.8,,0.4,1.0,1.3,.137,,-3.4,4.6,1.2,0.4
366,Lucas Nogueira\noguelu01,C,25,TOR,46,386,17.5,.656,.247,.384,4.7,19.2,12.1,7.3,2.7,8.7,15.0,11.4,,0.6,0.9,1.5,.186,,-0.9,6.4,5.5,0.7
367,Dirk Nowitzki\nowitdi01,C,39,DAL,77,1900,16.7,.575,.445,.142,1.3,25.1,12.8,10.4,1.1,2.1,6.0,20.5,,2.6,2.2,4.9,.123,,0.1,0.3,0.4,1.2
368,Frank Ntilikina\ntilila01,PG,19,NYK,74,1566,6.5,.429,.313,.150,2.3,9.3,5.8,19.8,1.9,0.9,20.5,17.0,,-2.1,1.0,-1.2,-0.036,,-3.9,-0.5,-4.4,-0.9
369,Jusuf Nurkic\nurkiju01,C,23,POR,75,1966,19.1,.529,.008,.292,9.6,26.8,18.3,11.6,1.5,4.3,14.7,26.6,,0.6,3.7,4.3,.105,,-2.7,2.7,-0.1,1.0
370,David Nwaba\nwabada01,SG,25,CHI,66,1529,12.8,.561,.121,.532,5.4,16.2,10.6,9.4,1.8,1.7,13.1,15.0,,1.4,1.4,2.8,.087,,-2.2,1.2,-1.0,0.4
371,Johnny O'Bryant III\obryajo01,PF,24,CHO,36,379,12.0,.470,.251,.146,8.1,18.7,13.3,5.9,1.2,1.3,7.6,22.5,,-0.1,0.4,0.3,.037,,-3.3,-2.1,-5.3,-0.3
372,Royce O'Neale\onealro01,SF,24,UTA,65,1052,10.4,.521,.412,.267,2.7,20.2,11.5,12.3,1.7,1.2,15.1,14.8,,0.3,1.7,1.9,.087,,-2.7,1.7,-1.1,0.2
373,Kyle O'Quinn\oquinky01,C,27,NYK,73,1289,19.4,.623,.037,.339,9.0,28.1,18.6,16.9,1.3,6.0,19.3,17.0,,2.3,1.9,4.2,.157,,-0.2,4.2,4.0,2.0
374,Semi Ojeleye\ojelese01,PF,23,BOS,68,1031,4.0,.449,.691,.241,3.8,11.0,7.5,2.5,0.9,0.2,10.5,8.7,,-0.3,1.2,0.9,.044,,-3.7,0.2,-3.5,-0.4
375,Emeka Okafor\okafoem01,C,35,NOP,23,337,16.3,.534,.000,.231,15.3,20.6,18.1,2.8,1.0,5.9,9.9,14.3,,0.5,0.5,1.0,.136,,-2.6,1.2,-1.4,0.1
376,Jahlil Okafor\okafoja01,C,22,TOT,28,353,15.4,.584,.029,.210,6.3,19.4,12.8,5.9,0.4,3.9,12.2,21.0,,0.3,0.3,0.6,.083,,-3.7,-0.7,-4.4,-0.2
376,Jahlil Okafor\okafoja01,C,22,PHI,2,25,8.8,.465,.000,.444,17.9,20.8,19.4,5.9,0.0,6.6,21.8,23.5,,0.0,0.0,0.0,.005,,-7.5,0.5,-7.0,0.0
376,Jahlil Okafor\okafoja01,C,22,BRK,26,328,15.9,.593,.031,.194,5.4,19.3,12.3,6.0,0.4,3.6,11.4,20.8,,0.3,0.3,0.6,.089,,-3.4,-0.8,-4.2,-0.2
377,Victor Oladipo\oladivi01,SG,25,IND,72,2471,23.0,.576,.324,.280,2.1,15.1,8.7,21.0,3.4,2.0,12.6,30.2,,4.2,3.8,8.0,.156,,3.5,1.2,4.7,4.2
378,Kelly Olynyk\olynyke01,PF,26,MIA,72,1698,17.7,.612,.437,.276,5.6,21.3,13.5,18.5,1.8,1.7,17.2,21.6,,2.6,2.6,5.2,.147,,1.6,1.4,2.9,2.1
379,Cedi Osman\osmande01,SF,22,CLE,57,584,10.9,.605,.442,.227,2.7,17.0,10.0,6.8,1.6,0.4,14.2,15.0,,0.4,0.4,0.8,.068,,-1.6,-1.5,-3.1,-0.2
380,Kelly Oubre Jr.\oubreke01,SF,22,WAS,77,2121,12.2,.539,.465,.299,3.1,15.5,9.3,6.4,1.7,1.4,8.8,19.4,,1.6,2.2,3.7,.085,,-0.6,-0.5,-1.1,0.5
381,Zaza Pachulia\pachuza01,C,33,GSW,66,937,16.7,.608,.004,.337,11.0,25.0,18.5,15.4,1.9,1.3,19.3,17.2,,1.7,1.4,3.1,.160,,-0.6,1.3,0.8,0.7
382,Marcus Paige\paigema01,PG,24,CHO,2,15,18.8,.507,.375,.250,0.0,22.1,10.8,22.1,0.0,0.0,0.0,25.7,,0.0,0.0,0.0,.139,,1.2,-3.6,-2.4,0.0
383,Georgios Papagiannis\papagge01,C,20,SAC,16,118,10.7,.415,.000,.000,11.1,24.3,17.4,11.5,0.9,4.8,16.3,18.6,,-0.2,0.1,0.0,-0.020,,-6.3,1.3,-5.1,-0.1
384,Jabari Parker\parkeja01,PF,22,MIL,27,621,17.3,.559,.254,.164,5.3,16.4,10.9,13.7,1.6,1.4,10.0,23.3,,0.7,0.5,1.2,.094,,0.1,-1.6,-1.6,0.1
385,Tony Parker\parketo01,PG,35,SAS,51,1005,13.4,.503,.094,.199,0.7,9.4,5.0,29.4,1.4,0.1,13.5,20.7,,0.5,1.1,1.6,.076,,-2.0,-1.6,-3.6,-0.4
386,Chandler Parsons\parsoch01,SF,29,MEM,36,691,13.7,.578,.517,.115,2.3,13.0,7.5,16.5,1.3,1.5,12.5,18.3,,0.7,0.4,1.1,.080,,0.3,-1.5,-1.1,0.2
387,Patrick Patterson\pattepa01,PF,28,OKC,79,1234,9.7,.545,.638,.165,2.7,14.5,8.4,5.8,1.9,1.7,10.3,10.8,,1.0,1.4,2.4,.092,,-1.8,0.3,-1.5,0.2
388,Justin Patton\pattoju01,C,20,MIN,1,4,19.8,.500,.000,.000,0.0,0.0,0.0,0.0,12.5,0.0,0.0,22.1,,0.0,0.0,0.0,.149,,-0.7,4.0,3.2,0.0
389,Brandon Paul\paulbr01,SG,26,SAS,61,558,7.2,.493,.430,.339,1.2,12.2,6.7,9.2,2.3,1.0,16.8,13.4,,-0.3,0.8,0.5,.044,,-3.8,1.1,-2.6,-0.1
390,Chris Paul\paulch01,PG,32,HOU,55,1753,24.3,.601,.475,.288,2.3,17.0,9.7,40.7,2.6,0.7,12.7,24.3,,7.0,2.6,9.6,.262,,6.0,1.0,7.0,4.0
391,Adreian Payne\paynead01,PF,26,ORL,5,43,18.8,.831,.300,.600,5.1,18.1,11.5,0.0,2.3,0.0,13.7,15.0,,0.1,0.0,0.2,.204,,0.1,-4.1,-4.1,0.0
392,Cameron Payne\payneca01,PG,23,CHI,21,476,14.0,.494,.429,.079,3.3,9.5,6.3,28.9,2.2,1.7,13.3,19.3,,0.3,0.4,0.6,.065,,-0.2,-0.6,-0.8,0.1
393,Elfrid Payton\paytoel01,PG,23,TOT,63,1808,16.6,.538,.138,.252,3.8,12.8,8.3,34.9,2.2,1.0,18.5,21.9,,1.4,1.4,2.9,.076,,0.1,0.0,0.1,1.0
393,Elfrid Payton\paytoel01,PG,23,ORL,44,1257,18.1,.564,.146,.249,4.1,11.2,7.6,35.4,2.5,1.0,18.3,21.8,,1.6,1.1,2.8,.106,,1.0,0.1,1.1,1.0
393,Elfrid Payton\paytoel01,PG,23,PHO,19,551,13.1,.481,.120,.258,3.2,16.4,9.7,33.9,1.7,0.9,18.8,22.1,,-0.2,0.3,0.1,.009,,-1.9,-0.2,-2.1,0.0
394,Gary Payton\paytoga02,PG,25,TOT,19,149,7.6,.414,.319,.064,6.1,11.7,8.9,12.4,1.0,1.7,5.8,15.3,,0.0,0.1,0.1,.021,,-3.5,-1.7,-5.2,-0.1
394,Gary Payton\paytoga02,PG,25,MIL,12,106,7.6,.437,.364,.091,4.5,14.4,9.5,12.2,1.4,0.8,8.0,16.0,,0.0,0.1,0.0,.016,,-3.4,-2.1,-5.5,-0.1
394,Gary Payton\paytoga02,PG,25,LAL,7,43,7.8,.357,.214,.000,10.0,4.9,7.4,12.8,0.0,3.8,0.0,13.8,,0.0,0.0,0.0,.033,,-3.5,-0.8,-4.4,0.0
395,London Perrantes\perralo01,PG,23,CLE,13,33,-1.4,.205,.333,.500,0.0,6.7,3.4,18.8,0.0,0.0,12.0,11.2,,-0.1,0.0,-0.1,-0.114,,-8.4,-4.1,-12.6,-0.1
396,Alec Peters\peteral01,PF,22,PHO,17,175,5.1,.375,.833,.125,4.2,11.8,7.9,7.9,0.3,0.9,3.8,12.7,,-0.1,0.0,-0.1,-0.029,,-3.1,-2.6,-5.7,-0.2
397,Marshall Plumlee\plumlma02,C,25,MIL,8,52,10.9,.697,.000,5.333,9.1,29.3,19.3,4.8,0.0,1.6,23.0,11.4,,0.1,0.0,0.2,.143,,-3.7,-2.0,-5.7,0.0
398,Mason Plumlee\plumlma01,C,27,DEN,70,1373,16.8,.582,.003,.480,10.3,21.0,15.6,14.6,1.7,4.7,18.8,16.6,,1.7,1.6,3.3,.115,,-1.0,2.6,1.6,1.3
399,Miles Plumlee\plumlmi01,C,29,ATL,51,866,10.8,.576,.000,.309,9.6,18.4,14.0,7.4,1.0,2.9,24.1,13.2,,0.1,0.7,0.8,.042,,-3.8,1.5,-2.4,-0.1
400,Jakob Poeltl\poeltja01,C,22,TOR,77,1412,17.0,.644,.006,.273,12.5,16.2,14.4,5.7,1.1,5.5,16.0,14.5,,2.8,2.1,5.0,.168,,0.2,2.9,3.1,1.8
401,Quincy Pondexter\pondequ01,SF,29,CHI,23,196,4.0,.398,.449,.347,4.2,10.7,7.4,6.3,2.0,0.9,16.3,15.0,,-0.3,0.1,-0.2,-0.045,,-6.1,-0.6,-6.6,-0.2
402,Otto Porter Jr.\porteot01,SF,24,WAS,74,2349,18.3,.601,.357,.145,4.7,18.0,11.4,10.0,2.4,1.4,7.1,18.4,,4.9,3.0,7.9,.161,,2.5,1.1,3.6,3.3
403,Bobby Portis\portibo01,PF,22,CHI,69,1553,20.0,.548,.280,.199,10.3,22.3,16.1,13.6,1.5,1.1,9.9,26.0,,2.2,1.4,3.6,.111,,1.4,-0.7,0.7,1.1
404,Kristaps Porzingis\porzikr01,PF,22,NYK,48,1553,20.4,.539,.256,.309,4.5,18.1,11.3,6.3,1.1,6.4,8.4,31.0,,1.4,1.8,3.2,.100,,-0.4,-0.2,-0.6,0.5
405,Dwight Powell\poweldw01,C,26,DAL,76,1587,18.7,.661,.173,.430,8.9,21.1,14.8,8.1,2.0,1.7,10.6,15.4,,4.4,2.0,6.4,.193,,1.1,1.6,2.7,1.9
406,Norman Powell\powelno01,SG,24,TOR,65,992,8.7,.501,.483,.111,1.5,10.4,6.0,11.6,1.6,1.2,14.4,18.9,,-0.5,1.1,0.6,.029,,-2.3,-0.6,-3.0,-0.2
407,Alex Poythress\poythal01,PF,24,IND,24,101,8.5,.520,.440,.000,7.9,11.1,9.5,2.7,1.5,0.9,7.4,11.9,,0.1,0.1,0.2,.078,,-1.8,-1.6,-3.5,0.0
408,Jacob Pullen\pulleja01,PG,28,PHI,3,6,-2.3,.500,.500,.000,0.0,0.0,0.0,0.0,0.0,0.0,33.3,21.4,,0.0,0.0,0.0,-0.211,,-10.5,-4.7,-15.3,0.0
409,Rodney Purvis\purviro01,SG,23,ORL,11,180,4.4,.446,.600,.150,0.0,7.4,3.7,7.2,0.8,0.9,11.1,17.6,,-0.3,0.1,-0.2,-0.052,,-4.6,-2.9,-7.5,-0.3
410,Zhou Qi\qizh01,C,22,HOU,16,87,0.6,.303,.593,.370,6.5,16.8,11.7,1.5,1.1,6.8,18.2,19.5,,-0.4,0.1,-0.2,-0.121,,-10.6,0.5,-10.1,-0.2
411,Tim Quarterman\quartti01,SG,23,HOU,2,6,13.6,.500,.500,.000,0.0,37.4,18.8,26.0,0.0,0.0,0.0,14.7,,0.0,0.0,0.0,.160,,-1.4,-0.4,-1.8,0.0
412,Ivan Rabb\rabbiv01,PF,20,MEM,31,375,15.6,.606,.000,.210,11.8,24.0,17.8,10.3,1.1,1.8,19.1,17.0,,0.4,0.3,0.8,.100,,-2.1,0.0,-2.1,0.0
413,Julius Randle\randlju01,C,23,LAL,77,2076,19.9,.607,.050,.475,8.8,22.9,15.9,15.4,0.9,1.8,16.1,25.1,,3.9,2.4,6.3,.146,,0.4,0.5,0.9,1.5
414,Zach Randolph\randoza01,PF,36,SAC,59,1508,17.3,.529,.193,.140,7.0,23.8,15.0,14.9,1.4,0.6,12.5,27.6,,0.3,1.1,1.4,.046,,-0.6,-1.3,-1.9,0.0
415,Xavier Rathan-Mayes\rathaxa01,SG,23,MEM,5,118,0.9,.315,.333,.214,0.0,5.0,2.5,23.2,2.6,2.4,19.3,21.7,,-0.5,0.1,-0.4,-0.169,,-8.7,-1.9,-10.6,-0.3
416,JJ Redick\redicjj01,SG,33,PHI,66,1987,15.3,.607,.523,.248,0.5,8.3,4.6,15.0,0.8,0.3,9.8,21.6,,4.2,1.7,5.9,.143,,2.3,-2.4,-0.2,0.9
417,Davon Reed\reedda01,SG,22,PHO,18,195,5.2,.386,.492,.169,1.1,16.8,8.8,6.5,2.5,0.8,9.9,15.3,,-0.3,0.1,-0.2,-0.047,,-5.6,-0.5,-6.1,-0.2
418,Willie Reed\reedwi02,C,27,TOT,42,428,19.2,.671,.017,.455,9.1,21.7,15.5,3.6,1.0,4.3,11.6,16.6,,1.0,0.5,1.6,.175,,-0.8,0.0,-0.8,0.1
418,Willie Reed\reedwi02,C,27,LAC,39,419,19.4,.669,.017,.458,9.3,21.9,15.7,3.3,1.0,4.4,11.6,16.8,,1.0,0.5,1.5,.175,,-0.8,0.1,-0.7,0.1
418,Willie Reed\reedwi02,C,27,DET,3,9,8.8,1.000,.000,.000,0.0,12.5,6.1,15.9,0.0,0.0,0.0,4.9,,0.0,0.0,0.0,.188,,-0.3,-2.1,-2.4,0.0
419,Josh Richardson\richajo01,SF,24,MIA,77,2574,13.4,.553,.388,.157,2.9,8.9,5.9,13.1,2.2,2.3,13.2,18.2,,1.7,3.4,5.1,.095,,-0.1,1.4,1.2,2.1
420,Malachi Richardson\richama01,SG,22,TOT,26,324,5.9,.446,.444,.244,1.7,10.7,6.0,5.6,1.6,0.3,9.1,15.2,,-0.2,0.1,-0.1,-0.018,,-4.3,-2.2,-6.5,-0.4
420,Malachi Richardson\richama01,SG,22,SAC,25,319,5.8,.445,.443,.250,1.7,10.5,5.9,5.7,1.6,0.3,9.3,15.1,,-0.2,0.1,-0.1,-0.018,,-4.3,-2.1,-6.4,-0.3
420,Malachi Richardson\richama01,SG,22,TOR,1,5,10.5,.500,.500,.000,0.0,22.1,11.2,0.0,0.0,0.0,0.0,17.5,,0.0,0.0,0.0,.042,,-5.1,-6.5,-11.7,0.0
421,Austin Rivers\riverau01,SG,25,LAC,58,1965,12.9,.531,.445,.193,1.5,6.3,4.0,17.1,1.8,0.7,10.8,20.7,,1.5,1.1,2.6,.064,,1.0,-1.4,-0.4,0.8
422,Andre Roberson\roberan03,SG,26,OKC,39,1037,10.9,.543,.222,.235,7.7,12.2,9.9,6.0,2.2,3.1,14.4,8.6,,0.8,1.3,2.1,.099,,-1.4,2.8,1.4,0.9
423,Glenn Robinson III\robingl02,SF,24,IND,19,241,8.9,.443,.322,.119,3.8,8.4,6.1,7.2,2.3,0.4,3.1,11.9,,0.1,0.2,0.3,.058,,-2.4,-0.4,-2.7,0.0
424,Rajon Rondo\rondora01,PG,31,NOP,60,1563,15.0,.521,.302,.095,2.0,14.3,8.3,41.4,1.9,0.5,22.5,16.9,,1.6,1.4,3.1,.094,,-0.5,-0.8,-1.4,0.3
425,Derrick Rose\rosede01,PG,29,TOT,21,366,12.3,.515,.164,.267,4.0,6.0,5.1,14.6,0.7,0.9,14.8,26.2,,-0.1,0.0,-0.1,-0.010,,-3.5,-3.9,-7.4,-0.5
425,Derrick Rose\rosede01,PG,29,CLE,16,308,11.6,.523,.182,.311,3.7,6.8,5.3,13.0,0.5,1.1,15.7,25.6,,-0.1,0.0,-0.1,-0.013,,-3.9,-3.8,-7.6,-0.4
425,Derrick Rose\rosede01,PG,29,MIN,5,58,16.0,.481,.091,.091,5.9,2.0,4.0,23.3,1.7,0.0,10.4,29.2,,0.0,0.0,0.0,.009,,-1.4,-4.9,-6.3,-0.1
426,Terrence Ross\rosste01,SG,26,ORL,22,576,10.3,.515,.480,.198,1.9,11.6,6.7,8.9,2.3,1.2,11.5,16.6,,-0.1,0.5,0.5,.038,,-1.9,0.1,-1.7,0.0
427,Terry Rozier\roziete01,PG,23,BOS,76,1952,15.6,.529,.503,.190,3.4,16.0,9.8,16.9,2.0,0.6,7.9,20.5,,2.5,3.2,5.7,.140,,1.2,0.9,2.1,2.0
428,Ricky Rubio\rubiori01,PG,27,UTA,73,2185,15.0,.533,.330,.307,2.2,15.2,8.8,28.3,2.6,0.4,18.3,22.8,,1.2,3.5,4.7,.103,,-0.1,1.5,1.3,1.8
429,D'Angelo Russell\russeda01,PG,21,BRK,44,1124,15.5,.506,.398,.209,2.7,14.2,8.4,35.6,1.4,1.1,16.2,30.7,,-0.4,0.8,0.4,.017,,0.8,-1.0,-0.2,0.5
430,Domantas Sabonis\sabondo01,C,21,IND,70,1711,17.3,.570,.054,.346,10.5,25.3,18.0,12.6,1.0,1.5,15.7,21.7,,2.4,2.1,4.5,.125,,-0.8,0.4,-0.4,0.7
431,JaKarr Sampson\sampsja02,SF,24,SAC,19,277,13.1,.571,.150,.217,6.7,19.0,12.5,4.7,1.5,6.5,9.6,11.8,,0.3,0.3,0.6,.107,,-2.7,2.6,-0.2,0.1
432,Dario Saric\saricda01,PF,23,PHI,74,2229,16.1,.587,.447,.239,7.5,16.7,12.3,13.0,1.1,0.7,13.4,20.9,,3.7,2.8,6.5,.140,,1.7,-0.1,1.6,2.0
433,Tomas Satoransky\satorto01,SG,26,WAS,69,1535,15.4,.618,.265,.270,4.7,11.0,7.8,25.1,1.6,0.8,16.4,13.7,,3.5,1.2,4.7,.147,,1.3,-0.3,1.0,1.2
434,Dennis Schroder\schrode01,PG,24,ATL,67,2078,17.3,.515,.229,.231,2.4,8.8,5.6,36.3,1.7,0.2,12.7,30.4,,1.6,1.0,2.6,.060,,1.5,-2.2,-0.7,0.7
435,Mike Scott\scottmi01,PF,29,WAS,72,1320,13.7,.608,.313,.140,3.7,15.8,9.8,8.9,0.8,0.7,12.8,19.8,,1.4,1.0,2.3,.085,,-0.4,-1.7,-2.2,-0.1
436,Thabo Sefolosha\sefolth01,SF,33,UTA,38,806,15.9,.591,.350,.225,4.1,18.5,11.4,6.4,3.2,1.3,10.2,16.4,,1.0,1.6,2.6,.153,,-0.3,2.2,1.8,0.8
437,Wayne Selden\seldewa01,SG,23,MEM,35,692,11.8,.551,.454,.219,2.6,6.9,4.7,16.1,1.3,0.7,15.5,22.7,,0.1,0.3,0.4,.026,,-0.7,-3.2,-4.0,-0.3
438,Ramon Sessions\sessira01,PG,31,TOT,27,391,10.8,.473,.224,.483,1.7,9.1,5.5,26.5,1.8,0.4,17.6,19.2,,0.0,0.3,0.3,.031,,-3.2,-2.0,-5.2,-0.3
438,Ramon Sessions\sessira01,PG,31,NYK,13,167,6.2,.403,.208,.283,0.7,11.3,6.0,22.0,2.1,0.5,20.1,19.5,,-0.3,0.1,-0.2,-0.065,,-5.9,-1.3,-7.2,-0.2
438,Ramon Sessions\sessira01,PG,31,WAS,14,224,14.2,.524,.238,.651,2.5,7.6,5.1,29.8,1.6,0.4,15.6,19.0,,0.3,0.1,0.5,.103,,-1.1,-2.6,-3.7,-0.1
439,Iman Shumpert\shumpim01,SG,27,CLE,14,276,6.4,.480,.448,.259,2.9,13.6,8.3,8.1,1.6,1.2,19.9,13.0,,-0.2,0.2,0.0,-0.006,,-3.9,-0.1,-4.0,-0.1
440,Pascal Siakam\siakapa01,PF,23,TOR,76,1561,14.9,.554,.270,.174,5.6,18.8,12.3,13.4,1.8,2.0,11.1,16.0,,2.1,2.3,4.4,.135,,0.1,2.0,2.1,1.6
441,Xavier Silas\silasxa01,SG,30,BOS,1,0,,,,,,,,,,,,,,0.0,0.0,0.0,,,-6.5,1.2,-5.3,0.0
442,Ben Simmons\simmobe01,PG,21,PHI,76,2582,19.8,.554,.012,.334,5.9,19.3,12.8,37.5,2.4,2.1,19.3,22.3,,3.9,4.7,8.5,.159,,0.9,3.5,4.4,4.2
443,Jonathon Simmons\simmojo02,SG,28,ORL,69,2029,12.8,.555,.268,.317,3.3,9.7,6.5,13.3,1.4,0.6,14.4,22.0,,0.8,1.1,1.9,.046,,-1.0,-1.3,-2.3,-0.2
444,Kobi Simmons\simmoko01,PG,20,MEM,27,496,7.8,.473,.169,.113,3.0,7.2,5.0,16.1,1.8,0.9,17.7,16.4,,-0.4,0.3,-0.1,-0.009,,-4.2,-1.3,-5.5,-0.4
445,Kyle Singler\singlky01,SF,29,OKC,12,59,5.9,.430,.238,.619,1.8,17.5,9.4,4.8,0.8,0.0,10.1,21.6,,-0.1,0.0,0.0,-0.030,,-7.6,-4.2,-11.8,-0.1
446,Marcus Smart\smartma01,SG,23,BOS,54,1614,10.8,.479,.483,.258,3.0,9.8,6.4,23.7,2.2,1.2,18.4,19.5,,-0.6,2.5,1.9,.058,,-1.6,1.2,-0.4,0.7
447,Dennis Smith Jr.\smithde03,PG,20,DAL,67,1978,12.8,.475,.333,.189,2.6,11.8,7.1,29.0,1.7,0.7,15.0,29.1,,-2.3,1.7,-0.7,-0.017,,-1.5,-0.7,-2.2,-0.1
448,Ish Smith\smithis01,PG,29,DET,77,1938,14.9,.518,.108,.154,1.5,10.8,6.1,27.4,1.5,0.8,11.1,20.6,,2.0,1.9,3.9,.097,,-1.0,-0.6,-1.6,0.2
449,JR Smith\smithjr01,SG,32,CLE,76,2152,8.4,.534,.645,.098,1.5,10.0,5.8,8.6,1.5,0.4,11.6,13.8,,0.5,0.9,1.4,.031,,-0.6,-1.0,-1.6,0.2
450,Jason Smith\smithja02,C,31,WAS,31,276,8.2,.444,.277,.170,7.4,13.9,10.7,7.6,0.5,3.8,11.7,21.9,,-0.3,0.2,0.0,-0.009,,-5.1,-1.2,-6.3,-0.3
451,Josh Smith\smithjo03,PF,32,NOP,3,12,3.5,.250,.000,.000,28.1,8.8,18.1,0.0,0.0,0.0,0.0,14.5,,0.0,0.0,0.0,-0.016,,-6.1,-7.4,-13.5,0.0
452,Tony Snell\snellto01,SG,26,MIL,71,1955,8.4,.584,.630,.116,0.5,7.3,4.0,6.5,1.2,1.1,7.7,10.5,,1.6,0.7,2.3,.056,,-0.4,-1.3,-1.7,0.2
453,Marreese Speights\speigma01,C,30,ORL,50,647,13.9,.541,.678,.158,3.4,18.7,11.0,9.5,0.5,2.7,9.4,26.9,,0.2,0.5,0.7,.051,,0.3,-3.0,-2.7,-0.1
454,Nik Stauskas\stausni01,SG,24,TOT,37,459,9.1,.554,.669,.165,0.7,12.6,6.6,10.1,0.8,0.5,13.4,15.5,,0.1,0.2,0.3,.035,,-2.0,-1.8,-3.9,-0.2
454,Nik Stauskas\stausni01,SG,24,PHI,6,45,0.9,.410,.250,.500,0.0,2.3,1.2,2.7,4.3,0.0,45.0,8.4,,-0.1,0.1,0.0,-0.044,,-7.4,2.6,-4.8,0.0
454,Nik Stauskas\stausni01,SG,24,BRK,31,414,10.0,.559,.682,.155,0.8,13.8,7.2,10.9,0.5,0.5,11.6,16.3,,0.2,0.2,0.4,.044,,-1.5,-2.3,-3.7,-0.2
455,Lance Stephenson\stephla01,SG,27,IND,78,1747,12.4,.501,.321,.173,3.7,21.2,12.6,18.4,1.2,0.8,15.1,21.8,,-0.2,1.9,1.6,.045,,-1.9,-0.2,-2.1,-0.1
456,David Stockton\stockda01,PG,26,UTA,2,6,31.4,.931,1.000,2.000,0.0,0.0,0.0,0.0,0.0,0.0,21.0,35.8,,0.1,0.0,0.1,.464,,11.9,-9.4,2.5,0.0
457,Julyan Stone\stoneju01,SG,29,CHO,20,106,6.7,.635,1.000,.286,0.0,24.0,11.7,19.5,0.9,1.6,43.2,5.7,,0.0,0.1,0.1,.059,,-3.9,1.1,-2.8,0.0
458,Caleb Swanigan\swanica01,PF,20,POR,24,165,7.1,.410,.148,.241,10.1,20.3,15.2,12.2,1.5,1.5,19.0,19.6,,-0.3,0.2,0.0,-0.010,,-5.7,0.9,-4.8,-0.1
459,Jayson Tatum\tatumja01,SF,19,BOS,77,2355,15.2,.588,.294,.312,2.3,15.7,9.1,8.1,1.6,2.1,10.8,19.4,,3.0,3.9,6.9,.140,,-0.6,1.6,1.0,1.8
460,Isaiah Taylor\taylois01,PG,23,ATL,63,1067,11.5,.506,.199,.387,2.3,6.8,4.6,27.1,1.4,0.8,15.8,19.7,,0.5,0.4,0.9,.040,,-2.6,-2.4,-5.0,-0.8
461,Jeff Teague\teaguje01,PG,29,MIN,66,2166,16.1,.550,.286,.303,1.2,9.4,5.3,30.5,2.2,0.9,16.8,20.4,,3.0,1.3,4.3,.095,,1.4,-1.3,0.1,1.1
462,Marquis Teague\teaguma01,PG,24,MEM,2,53,6.7,.328,.100,.500,2.1,6.7,4.4,26.8,1.9,0.0,14.1,12.1,,0.0,0.0,0.0,-0.017,,-5.7,-2.5,-8.2,-0.1
463,Mirza Teletovic\teletmi01,PF,32,MIL,10,159,13.5,.623,.789,.000,2.2,14.8,8.5,9.5,1.3,0.5,10.9,18.2,,0.2,0.1,0.3,.090,,1.6,-3.3,-1.7,0.0
464,Garrett Temple\templga01,SG,31,SAC,65,1615,10.2,.536,.477,.164,1.5,9.6,5.4,11.2,1.8,1.6,13.4,16.4,,0.3,0.8,1.1,.033,,-1.3,-0.7,-2.0,0.0
465,Milos Teodosic\teodomi01,PG,30,LAC,45,1134,11.7,.564,.644,.128,1.6,10.5,6.1,26.2,1.0,0.4,20.3,18.2,,0.9,0.5,1.5,.061,,0.7,-2.0,-1.3,0.2
466,Jason Terry\terryja01,SG,40,MIL,47,762,8.0,.531,.746,.063,0.8,6.5,3.6,9.7,2.4,1.4,13.6,10.1,,0.2,0.5,0.7,.043,,-1.5,-0.7,-2.2,0.0
467,Daniel Theis\theisda01,C,25,BOS,63,936,16.1,.616,.249,.348,10.7,21.2,16.1,9.1,1.6,4.3,17.2,15.5,,1.6,1.9,3.5,.180,,-0.7,3.5,2.7,1.1
468,Isaiah Thomas\thomais02,PG,28,TOT,32,862,12.6,.508,.447,.311,2.2,6.3,4.2,27.0,0.8,0.3,16.6,28.8,,-0.1,0.3,0.2,.009,,-0.9,-4.3,-5.2,-0.7
468,Isaiah Thomas\thomais02,PG,28,CLE,15,406,12.3,.493,.448,.351,2.0,6.5,4.3,25.2,1.1,0.4,15.5,28.9,,-0.2,0.1,-0.1,-0.008,,-1.4,-4.3,-5.7,-0.4
468,Isaiah Thomas\thomais02,PG,28,LAL,17,456,12.8,.520,.445,.278,2.3,6.0,4.2,28.7,0.6,0.2,17.5,28.7,,0.0,0.2,0.2,.023,,-0.4,-4.3,-4.7,-0.3
469,Lance Thomas\thomala01,PF,29,NYK,70,1302,6.4,.512,.476,.210,3.7,10.5,7.1,4.3,1.1,0.9,12.4,10.5,,0.2,0.6,0.9,.031,,-2.1,-0.5,-2.6,-0.2
470,Klay Thompson\thompkl01,SG,27,GSW,69,2369,16.0,.601,.442,.087,1.4,10.3,6.2,11.5,1.1,1.1,9.7,23.4,,3.0,1.8,4.9,.098,,1.8,-2.2,-0.4,1.0
471,Tristan Thompson\thomptr01,C,26,CLE,49,1017,13.7,.573,.000,.349,13.3,23.6,18.5,4.2,0.8,1.4,12.2,12.5,,1.7,0.7,2.4,.115,,-1.6,-0.7,-2.3,-0.1
472,Sindarius Thornwell\thornsi01,SG,23,LAC,69,1059,8.1,.517,.262,.383,3.2,10.1,6.7,7.0,2.1,1.8,15.5,11.6,,0.1,0.9,1.1,.048,,-2.6,1.2,-1.4,0.2
473,Anthony Tolliver\tollian01,PF,32,DET,74,1588,13.2,.642,.778,.283,3.0,12.6,7.7,7.6,0.9,1.1,10.0,14.8,,3.1,1.4,4.5,.137,,1.7,-0.7,1.0,1.2
474,Karl-Anthony Towns\townska01,C,22,MIN,78,2770,24.8,.645,.249,.351,9.3,30.9,20.0,10.7,1.1,3.5,10.8,22.9,,9.8,3.1,13.0,.225,,4.3,1.0,5.3,5.1
475,PJ Tucker\tuckepj01,SF,32,HOU,78,2170,8.4,.537,.692,.145,4.6,17.4,11.0,4.6,1.8,0.9,13.3,10.3,,1.0,2.8,3.8,.083,,-1.3,1.5,0.2,1.2
476,Evan Turner\turneev01,SF,29,POR,75,1910,9.9,.519,.224,.195,1.7,11.5,6.6,12.4,1.0,1.1,13.5,15.7,,0.5,1.8,2.4,.060,,-2.4,0.3,-2.1,0.0
477,Myles Turner\turnemy01,C,21,IND,61,1761,17.6,.581,.241,.333,5.9,20.1,13.1,7.2,1.1,5.7,11.5,20.1,,2.6,2.5,5.0,.137,,-0.6,1.9,1.4,1.5
478,Ekpe Udoh\udohek01,C,30,UTA,59,783,15.3,.566,.009,.487,9.4,11.4,10.4,9.1,2.7,7.8,12.5,9.2,,1.3,1.7,3.0,.185,,-1.2,6.8,5.6,1.5
479,Tyler Ulis\ulisty01,PG,22,PHO,68,1563,9.7,.459,.267,.183,1.5,6.8,4.1,27.5,2.0,0.3,17.6,18.2,,-0.8,0.5,-0.4,-0.011,,-3.0,-2.3,-5.4,-1.3
480,Jonas Valanciunas\valanjo01,C,25,TOR,73,1643,22.5,.629,.106,.314,12.2,30.4,21.4,7.6,0.9,3.2,12.9,22.6,,4.4,2.7,7.2,.209,,0.8,0.8,1.6,1.5
481,Denzel Valentine\valende01,SG,24,CHI,77,2095,12.1,.527,.513,.071,2.4,18.3,10.0,17.8,1.5,0.5,11.8,17.5,,1.0,1.6,2.6,.059,,-0.4,0.0,-0.5,0.8
482,Fred VanVleet\vanvlfr01,PG,23,TOR,72,1455,16.1,.559,.476,.184,1.9,11.7,6.9,22.6,2.3,1.0,10.9,19.1,,2.7,1.8,4.5,.150,,2.0,0.1,2.1,1.5
483,Rashad Vaughn\vaughra01,SG,21,TOT,28,212,9.3,.546,.661,.107,1.6,9.9,5.8,8.7,1.2,1.2,9.3,13.8,,0.1,0.1,0.2,.050,,-1.9,-2.9,-4.7,-0.1
483,Rashad Vaughn\vaughra01,SG,21,MIL,22,173,11.1,.560,.700,.120,1.4,10.2,5.8,9.9,1.2,1.5,7.1,14.8,,0.2,0.1,0.3,.073,,-0.5,-2.8,-3.3,-0.1
483,Rashad Vaughn\vaughra01,SG,21,BRK,1,4,4.1,,,,0.0,0.0,0.0,31.8,0.0,0.0,,0.0,,0.0,0.0,0.0,.104,,-7.6,-8.5,-16.1,0.0
483,Rashad Vaughn\vaughra01,SG,21,ORL,5,35,1.1,.417,.333,.000,3.1,9.5,6.3,0.0,1.4,0.0,25.0,10.0,,-0.1,0.0,-0.1,-0.069,,-8.0,-2.4,-10.4,-0.1
484,Noah Vonleh\vonleno01,PF,22,TOT,54,875,12.8,.509,.282,.248,8.6,30.1,19.2,5.7,1.1,1.6,10.7,14.5,,0.5,1.2,1.7,.091,,-3.4,0.3,-3.1,-0.2
484,Noah Vonleh\vonleno01,PF,22,POR,33,476,11.9,.543,.063,.323,8.1,30.0,19.2,3.8,0.6,1.9,12.0,11.5,,0.4,0.7,1.2,.116,,-4.0,0.7,-3.4,-0.2
484,Noah Vonleh\vonleno01,PF,22,CHI,21,399,13.9,.484,.435,.196,9.1,30.3,19.3,8.0,1.6,1.3,9.6,18.1,,0.0,0.5,0.5,.061,,-2.6,-0.1,-2.7,-0.1
485,Nikola Vucevic\vucevni01,C,27,ORL,54,1619,19.7,.536,.250,.115,6.6,27.6,17.0,19.3,1.6,2.9,11.1,25.9,,1.3,2.2,3.5,.103,,0.6,2.0,2.6,1.9
486,Dwyane Wade\wadedw01,SG,36,TOT,64,1476,15.5,.506,.163,.281,3.8,14.7,9.3,23.8,1.9,2.6,15.5,26.1,,-0.2,1.5,1.4,.044,,-2.1,0.4,-1.7,0.1
486,Dwyane Wade\wadedw01,SG,36,CLE,46,1069,15.9,.519,.161,.308,4.1,14.6,9.5,23.3,1.9,2.6,15.7,24.3,,0.4,0.9,1.3,.058,,-1.7,0.4,-1.3,0.2
486,Dwyane Wade\wadedw01,SG,36,MIA,18,407,14.4,.480,.167,.227,2.8,15.0,8.9,24.8,2.0,2.7,15.0,30.9,,-0.5,0.6,0.1,.008,,-3.4,0.6,-2.8,-0.1
487,Dion Waiters\waitedi01,SG,26,MIA,30,918,10.5,.487,.415,.168,1.0,8.5,4.7,19.9,1.3,0.8,13.7,25.0,,-0.7,0.8,0.1,.005,,-2.1,-1.9,-4.0,-0.5
488,Kemba Walker\walkeke02,PG,27,CHO,77,2663,20.7,.571,.441,.307,1.2,8.8,4.9,27.5,1.6,0.8,10.3,27.5,,6.3,2.0,8.3,.150,,5.1,-1.9,3.3,3.5
489,John Wall\walljo01,PG,27,WAS,39,1335,18.5,.507,.249,.358,1.9,9.9,5.9,43.6,1.9,2.7,16.6,29.0,,1.0,1.3,2.3,.082,,1.2,-0.2,0.9,1.0
490,Tyrone Wallace\wallaty01,PG,23,LAC,26,732,10.6,.519,.156,.332,2.6,11.5,7.1,11.5,1.6,1.5,13.0,16.4,,0.3,0.6,0.8,.056,,-2.0,0.5,-1.5,0.1
491,Taurean Prince\princta02,SF,23,ATL,78,2335,12.2,.541,.464,.185,2.3,15.6,8.9,13.2,1.7,1.5,15.6,21.6,,-0.4,1.9,1.4,.030,,-1.2,0.0,-1.2,0.5
492,Derrick Walton Jr.\waltode01,PG,22,MIA,15,142,11.5,.544,.708,.250,1.6,11.1,6.4,14.3,2.1,1.8,7.0,9.1,,0.2,0.2,0.4,.132,,-1.2,0.8,-0.4,0.1
493,Jameel Warney\warneja01,PF,24,DAL,3,27,22.6,.599,.000,.417,16.0,21.2,18.5,0.0,0.0,0.0,6.6,25.6,,0.1,0.0,0.1,.159,,-3.1,-9.0,-12.1,-0.1
494,TJ Warren\warretj01,SF,24,PHO,65,2142,17.6,.541,.085,.240,6.1,10.6,8.3,7.2,1.5,1.5,6.7,24.9,,2.7,0.8,3.5,.077,,-0.1,-1.8,-1.9,0.1
495,Travis Wear\weartr01,SF,27,LAL,13,172,9.8,.562,.719,.140,0.0,18.5,9.3,3.3,0.8,1.9,6.2,15.9,,0.1,0.2,0.3,.088,,-2.0,-1.9,-4.0,-0.1
496,James Webb III\webbja01,SF,24,BRK,9,108,2.5,.333,.810,.000,6.8,14.9,10.8,5.0,0.5,0.0,12.5,9.6,,-0.1,0.0,-0.1,-0.030,,-4.8,-1.3,-6.0,-0.1
497,Briante Weber\weberbr01,PG,25,TOT,18,237,10.1,.527,.256,.233,3.8,13.1,8.4,13.1,3.8,1.9,24.0,11.7,,0.0,0.4,0.4,.073,,-3.3,2.9,-0.4,0.1
497,Briante Weber\weberbr01,PG,25,HOU,13,118,11.0,.547,.409,.182,2.9,14.3,8.6,15.1,4.2,2.2,22.8,11.5,,0.1,0.2,0.3,.119,,-2.4,3.6,1.2,0.1
497,Briante Weber\weberbr01,PG,25,MEM,5,119,9.2,.508,.095,.286,4.8,12.0,8.3,11.2,3.4,1.6,25.3,12.0,,-0.1,0.1,0.1,.027,,-4.1,2.2,-1.9,0.0
498,David West\westda01,C,37,GSW,69,947,21.4,.609,.022,.209,7.7,18.5,13.5,20.4,2.3,6.0,16.4,22.0,,1.7,1.7,3.5,.175,,0.0,3.4,3.4,1.3
499,Russell Westbrook\westbru01,PG,29,OKC,77,2801,25.0,.528,.194,.339,5.4,25.3,15.0,49.4,2.5,0.6,16.4,34.3,,5.5,4.3,9.8,.168,,5.2,3.0,8.2,7.2
500,Andrew White III\whitean01,SF,24,ATL,14,199,7.0,.488,.652,.058,2.3,15.7,9.0,3.8,0.7,0.4,9.0,17.1,,-0.1,0.1,-0.1,-0.013,,-3.6,-3.0,-6.7,-0.2
501,Derrick White\whitede01,PG,23,SAS,17,139,15.9,.646,.394,.606,4.0,16.8,10.4,9.3,1.5,1.8,12.6,15.4,,0.3,0.2,0.5,.172,,0.0,0.6,0.5,0.1
502,Okaro White\whiteok01,PF,25,MIA,6,80,8.9,.577,.688,.188,4.2,11.3,7.8,3.5,0.6,1.1,5.5,10.3,,0.1,0.1,0.2,.096,,-1.5,-1.3,-2.8,0.0
503,Isaiah Whitehead\whiteis01,PG,22,BRK,16,180,11.6,.530,.209,.221,2.3,13.1,7.7,19.7,2.2,0.8,20.3,28.4,,-0.3,0.2,-0.1,-0.035,,-4.2,-1.3,-5.5,-0.2
504,Hassan Whiteside\whiteha01,C,28,MIA,50,1282,24.2,.581,.004,.334,14.3,36.7,25.5,6.7,1.5,5.7,13.0,24.6,,2.2,2.9,5.1,.189,,-2.1,2.3,0.3,0.7
505,Andrew Wiggins\wiggian01,SF,22,MIN,78,2832,13.2,.509,.260,.244,3.0,10.7,6.8,8.0,1.5,1.5,8.9,23.6,,0.5,1.4,1.9,.032,,-1.0,-1.5,-2.6,-0.4
506,Jacob Wiley\wileyja01,PF,23,BRK,5,33,8.2,.410,.500,.500,6.3,29.3,17.7,8.0,1.5,0.0,0.0,6.4,,0.0,0.0,0.1,.092,,-3.9,0.9,-3.0,0.0
507,Damien Wilkins\wilkida02,SF,38,IND,19,152,4.9,.405,.462,.103,3.8,8.1,6.0,7.8,0.7,0.6,10.9,13.4,,-0.1,0.1,-0.1,-0.019,,-4.3,-2.1,-6.4,-0.2
508,Alan Williams\willial03,PF,25,PHO,5,70,9.3,.455,.000,.500,4.5,29.6,16.8,16.4,3.4,1.2,24.2,17.5,,-0.1,0.1,0.0,-0.004,,-6.5,2.7,-3.7,0.0
509,CJ Williams\willicj01,SG,27,LAC,34,626,9.6,.531,.414,.095,2.0,6.4,4.2,7.1,2.2,1.7,9.7,13.5,,0.3,0.5,0.8,.058,,-1.2,0.2,-1.0,0.2
510,Derrick Williams\willide02,PF,26,LAL,2,9,-3.2,.250,.500,.000,0.0,11.8,5.9,0.0,0.0,0.0,0.0,18.8,,0.0,0.0,0.0,-0.191,,-11.5,-6.7,-18.2,0.0
511,Lou Williams\willilo02,SG,31,LAC,77,2527,20.5,.575,.391,.360,1.8,6.7,4.3,26.5,1.6,0.6,13.1,29.9,,5.6,1.4,6.9,.131,,3.9,-2.7,1.2,2.1
512,Marvin Williams\willima02,PF,31,CHO,75,1941,13.3,.593,.537,.223,3.9,16.4,10.0,6.7,1.3,1.5,9.7,14.5,,2.7,1.8,4.5,.110,,0.7,0.4,1.1,1.5
513,Matt Williams Jr.\willima05,SG,24,MIA,3,11,-0.7,.417,.833,.000,0.0,10.3,5.1,0.0,0.0,0.0,14.3,28.6,,-0.1,0.0,0.0,-0.197,,-8.6,-8.6,-17.2,0.0
514,Troy Williams\willitr02,SF,23,TOT,21,307,15.2,.544,.349,.275,8.0,14.8,11.4,7.8,3.2,1.1,13.5,20.1,,0.2,0.4,0.5,.085,,-0.1,0.1,0.0,0.2
514,Troy Williams\willitr02,SF,23,HOU,4,17,-2.4,.242,.556,.333,6.7,19.8,13.3,8.5,2.9,0.0,8.8,29.4,,-0.1,0.0,-0.1,-0.260,,-11.6,-2.7,-14.3,-0.1
514,Troy Williams\willitr02,SF,23,NYK,17,290,16.2,.572,.330,.270,8.1,14.5,11.3,7.7,3.2,1.2,13.9,19.5,,0.3,0.3,0.6,.105,,0.6,0.3,0.9,0.2
515,D.J. Wilson\wilsodj01,PF,21,MIL,21,69,9.1,.638,.357,.143,1.7,13.6,7.7,6.2,1.4,1.2,21.2,12.4,,0.0,0.0,0.1,.038,,-3.5,-1.7,-5.2,-0.1
516,Jamil Wilson\wilsoja02,SF,27,LAC,15,274,11.4,.634,.778,.049,1.2,11.4,6.4,5.2,0.9,2.4,8.8,14.3,,0.4,0.2,0.6,.099,,1.1,-1.0,0.1,0.1
517,Justise Winslow\winslju01,SF,21,MIA,64,1560,11.4,.497,.272,.209,4.3,20.8,12.5,12.8,1.6,1.8,12.9,15.9,,0.2,2.3,2.5,.077,,-2.8,1.8,-0.9,0.4
518,Jeff Withey\witheje01,C,27,DAL,9,39,8.3,.444,.625,.125,2.8,26.4,14.3,0.0,0.0,6.8,10.6,22.0,,-0.1,0.1,0.0,-0.053,,-9.1,-3.6,-12.7,-0.1
519,Nate Wolters\woltena01,PG,26,UTA,5,19,-2.9,.167,.000,.000,6.1,5.9,6.0,7.1,0.0,0.0,0.0,14.2,,-0.1,0.0,-0.1,-0.141,,-10.3,-2.2,-12.5,-0.1
520,Brandan Wright\wrighbr03,PF,30,TOT,28,381,19.1,.596,.000,.324,9.8,19.3,14.4,5.6,1.7,6.4,6.4,14.7,,0.8,0.5,1.3,.166,,-1.3,2.3,1.0,0.3
520,Brandan Wright\wrighbr03,PF,30,MEM,27,366,19.4,.595,.000,.333,9.9,19.8,14.7,5.9,1.8,6.4,6.6,15.0,,0.8,0.5,1.3,.166,,-1.3,2.4,1.1,0.3
520,Brandan Wright\wrighbr03,PF,30,HOU,1,15,11.2,.667,.000,.000,7.6,7.5,7.5,0.0,0.0,5.7,0.0,8.8,,0.0,0.0,0.0,.156,,-2.5,-0.7,-3.2,0.0
521,Delon Wright\wrighde01,PG,25,TOR,64,1312,16.7,.579,.350,.267,3.7,11.1,7.5,19.4,2.5,1.9,14.1,17.2,,2.3,1.8,4.1,.151,,1.3,1.4,2.7,1.6
522,Guerschon Yabusele\yabusgu01,PF,22,BOS,30,179,10.3,.543,.682,.295,9.3,15.7,12.6,11.3,0.6,0.9,18.1,15.2,,0.1,0.2,0.4,.097,,-1.2,-0.3,-1.5,0.0
523,James Young\youngja01,SG,22,PHI,6,61,4.6,.511,.714,.429,0.0,3.4,1.8,4.3,0.0,0.0,5.7,12.4,,0.0,0.0,0.1,.041,,-3.0,-3.6,-6.6,-0.1
524,Joe Young\youngjo01,PG,25,IND,50,520,10.2,.522,.351,.170,2.4,10.8,6.7,9.8,1.3,0.2,12.0,17.9,,0.1,0.4,0.5,.044,,-2.5,-2.2,-4.7,-0.4
525,Nick Young\youngni01,SG,32,GSW,76,1307,10.1,.562,.669,.123,1.8,7.5,4.8,3.5,1.3,0.4,7.3,18.0,,0.7,0.9,1.6,.059,,-0.2,-3.4,-3.7,-0.5
526,Thaddeus Young\youngth01,PF,29,IND,78,2544,14.7,.528,.212,.104,7.9,14.1,11.1,8.4,2.5,1.2,10.5,17.3,,2.1,3.1,5.2,.099,,0.1,1.3,1.4,2.2
527,Cody Zeller\zelleco01,C,25,CHO,33,627,16.0,.602,.019,.545,11.3,19.4,15.3,7.4,1.1,2.8,14.6,15.7,,1.2,0.7,1.9,.144,,-0.7,1.2,0.5,0.4
528,Tyler Zeller\zellety01,C,28,TOT,62,1025,15.8,.585,.088,.241,10.8,19.6,15.2,6.8,0.7,2.5,11.3,17.0,,1.7,0.8,2.5,.119,,-1.4,-0.5,-1.8,0.0
528,Tyler Zeller\zellety01,C,28,BRK,42,703,15.3,.587,.114,.262,9.2,20.0,14.6,6.5,0.6,2.2,12.1,17.9,,1.0,0.5,1.5,.103,,-1.9,-0.6,-2.5,-0.1
528,Tyler Zeller\zellety01,C,28,MIL,20,322,17.0,.580,.022,.189,14.4,18.6,16.5,7.4,1.1,3.2,9.3,15.1,,0.7,0.3,1.0,.152,,-0.2,-0.3,-0.5,0.1
529,Paul Zipser\zipsepa01,SF,23,CHI,54,824,5.2,.444,.470,.111,1.6,15.9,8.5,8.0,1.2,1.6,14.9,15.2,,-1.2,0.6,-0.6,-0.033,,-5.5,-0.3,-5.8,-0.8
530,Ante Zizic\zizican01,C,21,CLE,30,186,23.2,.737,.000,.351,13.5,18.4,16.0,4.4,0.3,6.0,13.2,18.1,,0.7,0.2,0.8,.219,,1.0,-0.6,0.4,0.1
531,Ivica Zubac\zubaciv01,C,20,LAL,38,307,15.5,.562,.000,.474,11.9,20.4,16.1,7.1,0.9,2.6,14.8,18.6,,0.4,0.4,0.7,.116,,-3.1,-0.4,-3.4,-0.1
